

CREATE TABLE `adddepartment` (
  `deptid` int(11) NOT NULL AUTO_INCREMENT,
  `deptname` varchar(255) NOT NULL,
  `depttimestamp` timestamp NOT NULL DEFAULT CURRENT_TIMESTAMP,
  `uid` int(11) NOT NULL,
  `superadminid` int(11) NOT NULL,
  PRIMARY KEY (`deptid`)
) ENGINE=InnoDB AUTO_INCREMENT=2 DEFAULT CHARSET=utf8;

INSERT INTO adddepartment VALUES("1","hr","2013-04-10 11:30:22","703","703");





CREATE TABLE `addtemplate` (
  `tempid` int(11) NOT NULL AUTO_INCREMENT,
  `tempname` varchar(255) NOT NULL,
  `auditorcname` varchar(255) NOT NULL,
  `auditorclogo` varchar(255) NOT NULL,
  `clientcname` varchar(255) NOT NULL,
  `clientclogo` varchar(255) NOT NULL,
  `temptype` varchar(255) NOT NULL,
  `modified_date` timestamp NOT NULL DEFAULT '1970-01-05 00:00:00',
  `temptimestamp` timestamp NOT NULL DEFAULT CURRENT_TIMESTAMP,
  `uid` int(11) NOT NULL,
  `superadminid` int(11) NOT NULL,
  PRIMARY KEY (`tempid`)
) ENGINE=InnoDB AUTO_INCREMENT=3 DEFAULT CHARSET=utf8;

INSERT INTO addtemplate VALUES("2","sample template","sample template","1365827799usermanual.png","","","o","2013-05-31 06:31:42","2013-04-13 04:36:39","703","703");





CREATE TABLE `tbl_project` (
  `pid` int(11) NOT NULL AUTO_INCREMENT,
  `tempid` int(11) NOT NULL,
  `tempname` varchar(255) NOT NULL,
  `deptid` int(11) NOT NULL,
  `deptname` varchar(255) NOT NULL,
  `qid` int(11) NOT NULL,
  `title` varchar(255) NOT NULL,
  `pdate` date NOT NULL,
  `auditorcname` varchar(255) NOT NULL,
  `auditorclogo` varchar(255) NOT NULL,
  `clientcname` varchar(255) NOT NULL,
  `clientclogo` varchar(255) NOT NULL,
  `temptype` varchar(255) NOT NULL,
  `uid` int(11) NOT NULL,
  `superadminid` int(11) NOT NULL,
  `timestamp` varchar(255) NOT NULL,
  `status` varchar(255) NOT NULL DEFAULT '1',
  `notes` varchar(255) NOT NULL,
  `auditedby` varchar(255) NOT NULL,
  `status_progress` int(11) NOT NULL DEFAULT '1',
  `sync_status` int(11) NOT NULL,
  `tstamp` int(11) NOT NULL,
  PRIMARY KEY (`pid`)
) ENGINE=InnoDB AUTO_INCREMENT=29 DEFAULT CHARSET=utf8;

INSERT INTO tbl_project VALUES("1","2","sample template","1","hr","1","null","2013-07-02","sample template","1365827799usermanual.png","","","o","1683","703","","1","","gdh","0","0","0");
INSERT INTO tbl_project VALUES("2","2","sample template","1","hr","1","5s audit - english","2013-07-16","sample template ","1365827799usermanual.png ","","","o","1683","703","","1","xxxxxxxxxxxxxxxxxxxxxxx","prg","0","0","0");
INSERT INTO tbl_project VALUES("3","2","sample template","1","hr","1","5s audit - english","2013-07-22","sample template  ","1365827799usermanual.png  ","","","o","703","703","","1","test","prg","0","0","0");
INSERT INTO tbl_project VALUES("4","2","sample template","1","hr","1","null","2013-08-28","sample template","1365827799usermanual.png","","","o","2337","703","","1","ftcyfycyc","xycuvi","0","0","0");
INSERT INTO tbl_project VALUES("5","2","sample template","1","hr","1","null","2013-08-28","sample template","1365827799usermanual.png","","","o","2337","703","","1","","ssuttsyisyi","1","0","0");
INSERT INTO tbl_project VALUES("6","2","sample template","1","hr","1","null","2013-08-28","sample template","1365827799usermanual.png","","","o","2337","703","","1","","hxhkdhkd","1","0","0");
INSERT INTO tbl_project VALUES("7","2","sample template","1","hr","1","null","2013-08-28","sample template","1365827799usermanual.png","","","o","2337","703","","1","","xgchvjbkbm","1","0","0");
INSERT INTO tbl_project VALUES("8","2","sample template","1","hr","1","null","2013-08-28","sample template","1365827799usermanual.png","","","o","2337","703","","1","","gchchc","1","0","0");
INSERT INTO tbl_project VALUES("9","2","sample template","1","hr","1","null","2013-09-02","sample template","1365827799usermanual.png","","","o","783","703","","1","","bye","1","0","0");
INSERT INTO tbl_project VALUES("10","2","sample template","1","hr","14","null","2013-09-02","sample template","1365827799usermanual.png","","","o","783","703","","1","","chandu","0","0","0");
INSERT INTO tbl_project VALUES("11","2","sample template","1","hr","1","null","2013-09-02","sample template","1365827799usermanual.png","","","o","783","703","","1","","raju","0","0","0");
INSERT INTO tbl_project VALUES("12","2","sample template","1","hr","14","null","2013-09-02","sample template","1365827799usermanual.png","","","o","783","703","","1","","ravi","0","0","0");
INSERT INTO tbl_project VALUES("13","2","sample template","1","hr","1","null","2013-09-02","sample template","1365827799usermanual.png","","","o","2340","703","","1","","hai","0","0","0");
INSERT INTO tbl_project VALUES("14","2","sample template","1","hr","1","null","2013-09-02","sample template","1365827799usermanual.png","","","o","2340","703","","1","","ravi","1","0","0");
INSERT INTO tbl_project VALUES("15","2","sample template","1","hr","14","null","2013-09-04","sample template","1365827799usermanual.png","","","o","2337","703","","1","","chandu","1","0","0");
INSERT INTO tbl_project VALUES("16","2","sample template","1","hr","14","null","2013-09-03","sample template","1365827799usermanual.png","","","o","2337","703","","1","","ravi","0","0","0");
INSERT INTO tbl_project VALUES("17","2","sample template","1","hr","1","null","2013-09-04","sample template","1365827799usermanual.png","","","o","2338","703","","1","","chandu","0","0","0");
INSERT INTO tbl_project VALUES("18","2","sample template","1","hr","14","null","2013-09-04","sample template","1365827799usermanual.png","","","o","2338","703","","1","","ravi","1","0","0");
INSERT INTO tbl_project VALUES("19","2","sample template","1","hr","1","null","2012-07-02","sample template","1365827799usermanual.png","","","o","2337","703","","1","hdhruds","ywyhe","1","1","0");
INSERT INTO tbl_project VALUES("20","2","sample template","1","hr","1","null","2011-01-24","sample template","1365827799usermanual.png","","","o","2337","703","","1","ydhjdjksiuxhsuxgduj","igsohd","0","1","0");
INSERT INTO tbl_project VALUES("21","2","sample template","1","hr","14","null","2013-07-02","sample template","1365827799usermanual.png","","","o","2337","703","","1","ufajg","ty","1","0","0");
INSERT INTO tbl_project VALUES("22","2","sample template","1","hr","1","null","2013-09-29","sample template","1365827799usermanual.png","","","o","2337","703","","1","p","y","1","1","0");
INSERT INTO tbl_project VALUES("23","2","sample template","1","hr","1","null","2020-09-02","sample template","1365827799usermanual.png","","","o","2338","703","","1","","y","0","0","0");
INSERT INTO tbl_project VALUES("24","2","sample template","1","hr","14","null","2013-09-02","sample template","1365827799usermanual.png","","","o","2337","703","","1","gsuehhehjygiffhdftujmmnsks","hgzoyx","0","0","0");
INSERT INTO tbl_project VALUES("25","2","sample template","1","hr","1","null","2013-09-04","sample template","1365827799usermanual.png","","","o","2337","703","","1","","test","0","0","0");
INSERT INTO tbl_project VALUES("26","2","sample template","1","hr","1","null","2013-09-09","sample template","1365827799usermanual.png","","","o","1683","703","","1","","you","1","0","0");
INSERT INTO tbl_project VALUES("27","2","sample template","1","hr","1","null","2013-10-22","sample template","1365827799usermanual.png","","","o","1683","703","","1","","gh","1","0","0");
INSERT INTO tbl_project VALUES("28","2","sample template","1","hr","14","null","2013-10-22","sample template","1365827799usermanual.png","","","o","1684","703","","1","???","?????","1","0","0");





CREATE TABLE `tbl_project_review` (
  `prjid` int(11) NOT NULL AUTO_INCREMENT,
  `pid` int(11) NOT NULL,
  `qid` int(11) NOT NULL,
  `queid` int(11) NOT NULL,
  `answer` int(11) NOT NULL,
  `status` varchar(255) NOT NULL,
  `uid` int(11) NOT NULL,
  `timestamp` varchar(255) NOT NULL,
  `superadminid` int(11) NOT NULL,
  PRIMARY KEY (`prjid`)
) ENGINE=InnoDB AUTO_INCREMENT=751 DEFAULT CHARSET=utf8;

INSERT INTO tbl_project_review VALUES("1","1","1","1","3","0","1683","2013-07-02 10:58:57","703");
INSERT INTO tbl_project_review VALUES("2","1","1","2","3","0","1683","2013-07-02 10:58:57","703");
INSERT INTO tbl_project_review VALUES("3","1","1","3","4","0","1683","2013-07-02 10:58:57","703");
INSERT INTO tbl_project_review VALUES("4","1","1","4","4","0","1683","2013-07-02 10:58:57","703");
INSERT INTO tbl_project_review VALUES("5","1","1","5","3","0","1683","2013-07-02 10:58:57","703");
INSERT INTO tbl_project_review VALUES("6","1","1","6","4","0","1683","2013-07-02 10:58:57","703");
INSERT INTO tbl_project_review VALUES("7","1","1","7","3","0","1683","2013-07-02 10:58:57","703");
INSERT INTO tbl_project_review VALUES("8","1","1","8","2","0","1683","2013-07-02 10:58:57","703");
INSERT INTO tbl_project_review VALUES("9","1","1","9","2","0","1683","2013-07-02 10:58:57","703");
INSERT INTO tbl_project_review VALUES("10","1","1","10","1","0","1683","2013-07-02 10:58:57","703");
INSERT INTO tbl_project_review VALUES("11","1","1","11","2","0","1683","2013-07-02 10:58:57","703");
INSERT INTO tbl_project_review VALUES("12","1","1","12","4","0","1683","2013-07-02 10:58:57","703");
INSERT INTO tbl_project_review VALUES("13","1","1","13","0","0","1683","2013-07-02 10:58:57","703");
INSERT INTO tbl_project_review VALUES("14","1","1","14","2","0","1683","2013-07-02 10:58:57","703");
INSERT INTO tbl_project_review VALUES("15","1","1","15","2","0","1683","2013-07-02 10:58:57","703");
INSERT INTO tbl_project_review VALUES("16","1","1","16","1","0","1683","2013-07-02 10:58:57","703");
INSERT INTO tbl_project_review VALUES("17","1","1","17","2","0","1683","2013-07-02 10:58:57","703");
INSERT INTO tbl_project_review VALUES("18","1","1","18","2","0","1683","2013-07-02 10:58:57","703");
INSERT INTO tbl_project_review VALUES("19","1","1","19","3","0","1683","2013-07-02 10:58:57","703");
INSERT INTO tbl_project_review VALUES("20","1","1","20","3","0","1683","2013-07-02 10:58:57","703");
INSERT INTO tbl_project_review VALUES("21","1","1","21","2","0","1683","2013-07-02 10:58:57","703");
INSERT INTO tbl_project_review VALUES("22","1","1","22","2","0","1683","2013-07-02 10:58:57","703");
INSERT INTO tbl_project_review VALUES("23","1","1","23","3","0","1683","2013-07-02 10:58:57","703");
INSERT INTO tbl_project_review VALUES("24","1","1","24","3","0","1683","2013-07-02 10:58:57","703");
INSERT INTO tbl_project_review VALUES("25","1","1","25","3","0","1683","2013-07-02 10:58:57","703");
INSERT INTO tbl_project_review VALUES("26","2","1","1","4","Completed","1683","2013-07-16 05:26:05","703");
INSERT INTO tbl_project_review VALUES("27","2","1","2","3","Completed","1683","2013-07-16 05:26:06","703");
INSERT INTO tbl_project_review VALUES("28","2","1","3","2","Completed","1683","2013-07-16 05:26:06","703");
INSERT INTO tbl_project_review VALUES("29","2","1","4","3","Completed","1683","2013-07-16 05:26:06","703");
INSERT INTO tbl_project_review VALUES("30","2","1","5","1","Completed","1683","2013-07-16 05:26:06","703");
INSERT INTO tbl_project_review VALUES("31","2","1","6","4","Completed","1683","2013-07-16 05:26:06","703");
INSERT INTO tbl_project_review VALUES("32","2","1","7","4","Completed","1683","2013-07-16 05:26:06","703");
INSERT INTO tbl_project_review VALUES("33","2","1","8","4","Completed","1683","2013-07-16 05:26:06","703");
INSERT INTO tbl_project_review VALUES("34","2","1","9","3","Completed","1683","2013-07-16 05:26:06","703");
INSERT INTO tbl_project_review VALUES("35","2","1","10","2","Completed","1683","2013-07-16 05:26:06","703");
INSERT INTO tbl_project_review VALUES("36","2","1","11","1","Completed","1683","2013-07-16 05:26:06","703");
INSERT INTO tbl_project_review VALUES("37","2","1","12","2","Completed","1683","2013-07-16 05:26:06","703");
INSERT INTO tbl_project_review VALUES("38","2","1","13","2","Completed","1683","2013-07-16 05:26:06","703");
INSERT INTO tbl_project_review VALUES("39","2","1","14","3","Completed","1683","2013-07-16 05:26:06","703");
INSERT INTO tbl_project_review VALUES("40","2","1","15","3","Completed","1683","2013-07-16 05:26:06","703");
INSERT INTO tbl_project_review VALUES("41","2","1","16","4","Completed","1683","2013-07-16 05:26:06","703");
INSERT INTO tbl_project_review VALUES("42","2","1","17","4","Completed","1683","2013-07-16 05:26:06","703");
INSERT INTO tbl_project_review VALUES("43","2","1","18","4","Completed","1683","2013-07-16 05:26:06","703");
INSERT INTO tbl_project_review VALUES("44","2","1","19","2","Completed","1683","2013-07-16 05:26:06","703");
INSERT INTO tbl_project_review VALUES("45","2","1","20","3","Completed","1683","2013-07-16 05:26:06","703");
INSERT INTO tbl_project_review VALUES("46","2","1","21","1","Completed","1683","2013-07-16 05:26:06","703");
INSERT INTO tbl_project_review VALUES("47","2","1","22","3","Completed","1683","2013-07-16 05:26:06","703");
INSERT INTO tbl_project_review VALUES("48","2","1","23","2","Completed","1683","2013-07-16 05:26:06","703");
INSERT INTO tbl_project_review VALUES("49","2","1","24","2","Completed","1683","2013-07-16 05:26:06","703");
INSERT INTO tbl_project_review VALUES("50","2","1","25","4","Completed","1683","2013-07-16 05:26:06","703");
INSERT INTO tbl_project_review VALUES("51","3","1","1","4","Completed","703","2013-07-22 05:45:59","703");
INSERT INTO tbl_project_review VALUES("52","3","1","2","3","Completed","703","2013-07-22 05:45:59","703");
INSERT INTO tbl_project_review VALUES("53","3","1","3","2","Completed","703","2013-07-22 05:45:59","703");
INSERT INTO tbl_project_review VALUES("54","3","1","4","1","Completed","703","2013-07-22 05:45:59","703");
INSERT INTO tbl_project_review VALUES("55","3","1","5","0","Completed","703","2013-07-22 05:45:59","703");
INSERT INTO tbl_project_review VALUES("56","3","1","6","3","Completed","703","2013-07-22 05:45:59","703");
INSERT INTO tbl_project_review VALUES("57","3","1","7","4","Completed","703","2013-07-22 05:45:59","703");
INSERT INTO tbl_project_review VALUES("58","3","1","8","3","Completed","703","2013-07-22 05:45:59","703");
INSERT INTO tbl_project_review VALUES("59","3","1","9","2","Completed","703","2013-07-22 05:45:59","703");
INSERT INTO tbl_project_review VALUES("60","3","1","10","4","Completed","703","2013-07-22 05:45:59","703");
INSERT INTO tbl_project_review VALUES("61","3","1","11","4","Completed","703","2013-07-22 05:45:59","703");
INSERT INTO tbl_project_review VALUES("62","3","1","12","3","Completed","703","2013-07-22 05:45:59","703");
INSERT INTO tbl_project_review VALUES("63","3","1","13","2","Completed","703","2013-07-22 05:45:59","703");
INSERT INTO tbl_project_review VALUES("64","3","1","14","3","Completed","703","2013-07-22 05:45:59","703");
INSERT INTO tbl_project_review VALUES("65","3","1","15","4","Completed","703","2013-07-22 05:45:59","703");
INSERT INTO tbl_project_review VALUES("66","3","1","16","4","Completed","703","2013-07-22 05:45:59","703");
INSERT INTO tbl_project_review VALUES("67","3","1","17","4","Completed","703","2013-07-22 05:45:59","703");
INSERT INTO tbl_project_review VALUES("68","3","1","18","4","Completed","703","2013-07-22 05:45:59","703");
INSERT INTO tbl_project_review VALUES("69","3","1","19","4","Completed","703","2013-07-22 05:45:59","703");
INSERT INTO tbl_project_review VALUES("70","3","1","20","3","Completed","703","2013-07-22 05:45:59","703");
INSERT INTO tbl_project_review VALUES("71","3","1","21","3","Completed","703","2013-07-22 05:45:59","703");
INSERT INTO tbl_project_review VALUES("72","3","1","22","2","Completed","703","2013-07-22 05:45:59","703");
INSERT INTO tbl_project_review VALUES("73","3","1","23","2","Completed","703","2013-07-22 05:45:59","703");
INSERT INTO tbl_project_review VALUES("74","3","1","24","3","Completed","703","2013-07-22 05:45:59","703");
INSERT INTO tbl_project_review VALUES("75","3","1","25","4","Completed","703","2013-07-22 05:45:59","703");
INSERT INTO tbl_project_review VALUES("76","4","1","1","1","0","2337","2013-08-28 12:10:13","703");
INSERT INTO tbl_project_review VALUES("77","4","1","2","3","0","2337","2013-08-28 12:10:13","703");
INSERT INTO tbl_project_review VALUES("78","4","1","3","4","0","2337","2013-08-28 12:10:13","703");
INSERT INTO tbl_project_review VALUES("79","4","1","4","4","0","2337","2013-08-28 12:10:13","703");
INSERT INTO tbl_project_review VALUES("80","4","1","5","3","0","2337","2013-08-28 12:10:13","703");
INSERT INTO tbl_project_review VALUES("81","4","1","6","4","0","2337","2013-08-28 12:10:13","703");
INSERT INTO tbl_project_review VALUES("82","4","1","7","3","0","2337","2013-08-28 12:10:13","703");
INSERT INTO tbl_project_review VALUES("83","4","1","8","0","0","2337","2013-08-28 12:10:13","703");
INSERT INTO tbl_project_review VALUES("84","4","1","9","4","0","2337","2013-08-28 12:10:13","703");
INSERT INTO tbl_project_review VALUES("85","4","1","10","2","0","2337","2013-08-28 12:10:13","703");
INSERT INTO tbl_project_review VALUES("86","4","1","11","3","0","2337","2013-08-28 12:10:13","703");
INSERT INTO tbl_project_review VALUES("87","4","1","12","1","0","2337","2013-08-28 12:10:13","703");
INSERT INTO tbl_project_review VALUES("88","4","1","13","4","0","2337","2013-08-28 12:10:13","703");
INSERT INTO tbl_project_review VALUES("89","4","1","14","4","0","2337","2013-08-28 12:10:13","703");
INSERT INTO tbl_project_review VALUES("90","4","1","15","3","0","2337","2013-08-28 12:10:13","703");
INSERT INTO tbl_project_review VALUES("91","4","1","16","2","0","2337","2013-08-28 12:10:13","703");
INSERT INTO tbl_project_review VALUES("92","4","1","17","3","0","2337","2013-08-28 12:10:13","703");
INSERT INTO tbl_project_review VALUES("93","4","1","18","4","0","2337","2013-08-28 12:10:13","703");
INSERT INTO tbl_project_review VALUES("94","4","1","19","2","0","2337","2013-08-28 12:10:13","703");
INSERT INTO tbl_project_review VALUES("95","4","1","20","4","0","2337","2013-08-28 12:10:13","703");
INSERT INTO tbl_project_review VALUES("96","4","1","21","4","0","2337","2013-08-28 12:10:13","703");
INSERT INTO tbl_project_review VALUES("97","4","1","22","2","0","2337","2013-08-28 12:10:13","703");
INSERT INTO tbl_project_review VALUES("98","4","1","23","0","0","2337","2013-08-28 12:10:13","703");
INSERT INTO tbl_project_review VALUES("99","4","1","24","2","0","2337","2013-08-28 12:10:13","703");
INSERT INTO tbl_project_review VALUES("100","4","1","25","3","0","2337","2013-08-28 12:10:13","703");
INSERT INTO tbl_project_review VALUES("101","5","1","1","4","1","2337","2013-08-28 12:36:42","703");
INSERT INTO tbl_project_review VALUES("102","5","1","2","3","1","2337","2013-08-28 12:36:42","703");
INSERT INTO tbl_project_review VALUES("103","5","1","3","2","1","2337","2013-08-28 12:36:42","703");
INSERT INTO tbl_project_review VALUES("104","5","1","4","1","1","2337","2013-08-28 12:36:42","703");
INSERT INTO tbl_project_review VALUES("105","5","1","5","0","1","2337","2013-08-28 12:36:42","703");
INSERT INTO tbl_project_review VALUES("106","5","1","6","4","1","2337","2013-08-28 12:36:42","703");
INSERT INTO tbl_project_review VALUES("107","5","1","7","2","1","2337","2013-08-28 12:36:42","703");
INSERT INTO tbl_project_review VALUES("108","5","1","8","4","1","2337","2013-08-28 12:36:42","703");
INSERT INTO tbl_project_review VALUES("109","5","1","9","3","1","2337","2013-08-28 12:36:42","703");
INSERT INTO tbl_project_review VALUES("110","5","1","10","1","1","2337","2013-08-28 12:36:42","703");
INSERT INTO tbl_project_review VALUES("111","5","1","11","1","1","2337","2013-08-28 12:36:42","703");
INSERT INTO tbl_project_review VALUES("112","5","1","12","1","1","2337","2013-08-28 12:36:42","703");
INSERT INTO tbl_project_review VALUES("113","5","1","13","3","1","2337","2013-08-28 12:36:42","703");
INSERT INTO tbl_project_review VALUES("114","5","1","14","4","1","2337","2013-08-28 12:36:42","703");
INSERT INTO tbl_project_review VALUES("115","5","1","15","2","1","2337","2013-08-28 12:36:42","703");
INSERT INTO tbl_project_review VALUES("116","5","1","16","3","1","2337","2013-08-28 12:36:42","703");
INSERT INTO tbl_project_review VALUES("117","5","1","17","2","1","2337","2013-08-28 12:36:42","703");
INSERT INTO tbl_project_review VALUES("118","5","1","18","0","1","2337","2013-08-28 12:36:42","703");
INSERT INTO tbl_project_review VALUES("119","5","1","19","3","1","2337","2013-08-28 12:36:42","703");
INSERT INTO tbl_project_review VALUES("120","5","1","20","2","1","2337","2013-08-28 12:36:42","703");
INSERT INTO tbl_project_review VALUES("121","5","1","21","2","1","2337","2013-08-28 12:36:42","703");
INSERT INTO tbl_project_review VALUES("122","5","1","22","3","1","2337","2013-08-28 12:36:42","703");
INSERT INTO tbl_project_review VALUES("123","5","1","23","0","1","2337","2013-08-28 12:36:42","703");
INSERT INTO tbl_project_review VALUES("124","5","1","24","2","1","2337","2013-08-28 12:36:42","703");
INSERT INTO tbl_project_review VALUES("125","5","1","25","2","1","2337","2013-08-28 12:36:42","703");
INSERT INTO tbl_project_review VALUES("126","6","1","1","0","1","2337","2013-08-28 12:36:44","703");
INSERT INTO tbl_project_review VALUES("127","6","1","2","1","1","2337","2013-08-28 12:36:44","703");
INSERT INTO tbl_project_review VALUES("128","6","1","3","2","1","2337","2013-08-28 12:36:44","703");
INSERT INTO tbl_project_review VALUES("129","6","1","4","3","1","2337","2013-08-28 12:36:44","703");
INSERT INTO tbl_project_review VALUES("130","6","1","5","4","1","2337","2013-08-28 12:36:44","703");
INSERT INTO tbl_project_review VALUES("131","6","1","6","0","1","2337","2013-08-28 12:36:44","703");
INSERT INTO tbl_project_review VALUES("132","6","1","7","1","1","2337","2013-08-28 12:36:44","703");
INSERT INTO tbl_project_review VALUES("133","6","1","8","2","1","2337","2013-08-28 12:36:44","703");
INSERT INTO tbl_project_review VALUES("134","6","1","9","3","1","2337","2013-08-28 12:36:44","703");
INSERT INTO tbl_project_review VALUES("135","6","1","10","4","1","2337","2013-08-28 12:36:44","703");
INSERT INTO tbl_project_review VALUES("136","6","1","11","4","1","2337","2013-08-28 12:36:44","703");
INSERT INTO tbl_project_review VALUES("137","6","1","12","3","1","2337","2013-08-28 12:36:44","703");
INSERT INTO tbl_project_review VALUES("138","6","1","13","2","1","2337","2013-08-28 12:36:44","703");
INSERT INTO tbl_project_review VALUES("139","6","1","14","1","1","2337","2013-08-28 12:36:44","703");
INSERT INTO tbl_project_review VALUES("140","6","1","15","0","1","2337","2013-08-28 12:36:44","703");
INSERT INTO tbl_project_review VALUES("141","6","1","16","4","1","2337","2013-08-28 12:36:44","703");
INSERT INTO tbl_project_review VALUES("142","6","1","17","3","1","2337","2013-08-28 12:36:44","703");
INSERT INTO tbl_project_review VALUES("143","6","1","18","2","1","2337","2013-08-28 12:36:44","703");
INSERT INTO tbl_project_review VALUES("144","6","1","19","1","1","2337","2013-08-28 12:36:44","703");
INSERT INTO tbl_project_review VALUES("145","6","1","20","0","1","2337","2013-08-28 12:36:44","703");
INSERT INTO tbl_project_review VALUES("146","6","1","21","4","1","2337","2013-08-28 12:36:44","703");
INSERT INTO tbl_project_review VALUES("147","6","1","22","3","1","2337","2013-08-28 12:36:44","703");
INSERT INTO tbl_project_review VALUES("148","6","1","23","2","1","2337","2013-08-28 12:36:44","703");
INSERT INTO tbl_project_review VALUES("149","6","1","24","1","1","2337","2013-08-28 12:36:44","703");
INSERT INTO tbl_project_review VALUES("150","6","1","25","0","1","2337","2013-08-28 12:36:44","703");
INSERT INTO tbl_project_review VALUES("151","7","1","1","4","1","2337","2013-08-28 12:36:49","703");
INSERT INTO tbl_project_review VALUES("152","7","1","2","2","1","2337","2013-08-28 12:36:50","703");
INSERT INTO tbl_project_review VALUES("153","7","1","3","0","1","2337","2013-08-28 12:36:50","703");
INSERT INTO tbl_project_review VALUES("154","7","1","4","2","1","2337","2013-08-28 12:36:51","703");
INSERT INTO tbl_project_review VALUES("155","7","1","5","3","1","2337","2013-08-28 12:36:51","703");
INSERT INTO tbl_project_review VALUES("156","7","1","6","0","1","2337","2013-08-28 12:36:52","703");
INSERT INTO tbl_project_review VALUES("157","7","1","7","1","1","2337","2013-08-28 12:36:53","703");
INSERT INTO tbl_project_review VALUES("158","7","1","8","2","1","2337","2013-08-28 12:36:53","703");
INSERT INTO tbl_project_review VALUES("159","7","1","9","4","1","2337","2013-08-28 12:36:54","703");
INSERT INTO tbl_project_review VALUES("160","7","1","10","3","1","2337","2013-08-28 12:36:55","703");
INSERT INTO tbl_project_review VALUES("161","7","1","11","3","1","2337","2013-08-28 12:36:55","703");
INSERT INTO tbl_project_review VALUES("162","7","1","12","2","1","2337","2013-08-28 12:36:56","703");
INSERT INTO tbl_project_review VALUES("163","7","1","13","1","1","2337","2013-08-28 12:36:56","703");
INSERT INTO tbl_project_review VALUES("164","7","1","14","0","1","2337","2013-08-28 12:36:58","703");
INSERT INTO tbl_project_review VALUES("165","7","1","15","4","1","2337","2013-08-28 12:36:59","703");
INSERT INTO tbl_project_review VALUES("166","7","1","16","4","1","2337","2013-08-28 12:36:59","703");
INSERT INTO tbl_project_review VALUES("167","7","1","17","3","1","2337","2013-08-28 12:36:59","703");
INSERT INTO tbl_project_review VALUES("168","7","1","18","2","1","2337","2013-08-28 12:36:59","703");
INSERT INTO tbl_project_review VALUES("169","7","1","19","1","1","2337","2013-08-28 12:36:59","703");
INSERT INTO tbl_project_review VALUES("170","7","1","20","0","1","2337","2013-08-28 12:36:59","703");
INSERT INTO tbl_project_review VALUES("171","7","1","21","0","1","2337","2013-08-28 12:36:59","703");
INSERT INTO tbl_project_review VALUES("172","7","1","22","1","1","2337","2013-08-28 12:36:59","703");
INSERT INTO tbl_project_review VALUES("173","7","1","23","2","1","2337","2013-08-28 12:36:59","703");
INSERT INTO tbl_project_review VALUES("174","7","1","24","3","1","2337","2013-08-28 12:36:59","703");
INSERT INTO tbl_project_review VALUES("175","7","1","25","4","1","2337","2013-08-28 12:36:59","703");
INSERT INTO tbl_project_review VALUES("176","8","1","1","4","1","2337","2013-08-28 13:18:16","703");
INSERT INTO tbl_project_review VALUES("177","8","1","2","3","1","2337","2013-08-28 13:18:16","703");
INSERT INTO tbl_project_review VALUES("178","8","1","3","0","1","2337","2013-08-28 13:18:16","703");
INSERT INTO tbl_project_review VALUES("179","8","1","4","2","1","2337","2013-08-28 13:18:16","703");
INSERT INTO tbl_project_review VALUES("180","8","1","5","2","1","2337","2013-08-28 13:18:16","703");
INSERT INTO tbl_project_review VALUES("181","8","1","6","3","1","2337","2013-08-28 13:18:16","703");
INSERT INTO tbl_project_review VALUES("182","8","1","7","1","1","2337","2013-08-28 13:18:16","703");
INSERT INTO tbl_project_review VALUES("183","8","1","8","0","1","2337","2013-08-28 13:18:16","703");
INSERT INTO tbl_project_review VALUES("184","8","1","9","3","1","2337","2013-08-28 13:18:16","703");
INSERT INTO tbl_project_review VALUES("185","8","1","10","1","1","2337","2013-08-28 13:18:16","703");
INSERT INTO tbl_project_review VALUES("186","8","1","11","1","1","2337","2013-08-28 13:18:16","703");
INSERT INTO tbl_project_review VALUES("187","8","1","12","0","1","2337","2013-08-28 13:18:16","703");
INSERT INTO tbl_project_review VALUES("188","8","1","13","2","1","2337","2013-08-28 13:18:16","703");
INSERT INTO tbl_project_review VALUES("189","8","1","14","4","1","2337","2013-08-28 13:18:16","703");
INSERT INTO tbl_project_review VALUES("190","8","1","15","0","1","2337","2013-08-28 13:18:16","703");
INSERT INTO tbl_project_review VALUES("191","8","1","16","4","1","2337","2013-08-28 13:18:16","703");
INSERT INTO tbl_project_review VALUES("192","8","1","17","3","1","2337","2013-08-28 13:18:16","703");
INSERT INTO tbl_project_review VALUES("193","8","1","18","2","1","2337","2013-08-28 13:18:16","703");
INSERT INTO tbl_project_review VALUES("194","8","1","19","1","1","2337","2013-08-28 13:18:16","703");
INSERT INTO tbl_project_review VALUES("195","8","1","20","0","1","2337","2013-08-28 13:18:16","703");
INSERT INTO tbl_project_review VALUES("196","8","1","21","0","1","2337","2013-08-28 13:18:16","703");
INSERT INTO tbl_project_review VALUES("197","8","1","22","1","1","2337","2013-08-28 13:18:16","703");
INSERT INTO tbl_project_review VALUES("198","8","1","23","2","1","2337","2013-08-28 13:18:16","703");
INSERT INTO tbl_project_review VALUES("199","8","1","24","2","1","2337","2013-08-28 13:18:16","703");
INSERT INTO tbl_project_review VALUES("200","8","1","25","4","1","2337","2013-08-28 13:18:16","703");
INSERT INTO tbl_project_review VALUES("201","10","14","1","0","0","783","2013-09-02 07:49:36","703");
INSERT INTO tbl_project_review VALUES("202","10","14","2","1","0","783","2013-09-02 07:49:36","703");
INSERT INTO tbl_project_review VALUES("203","10","14","3","2","0","783","2013-09-02 07:49:36","703");
INSERT INTO tbl_project_review VALUES("204","10","14","4","3","0","783","2013-09-02 07:49:36","703");
INSERT INTO tbl_project_review VALUES("205","10","14","5","4","0","783","2013-09-02 07:49:36","703");
INSERT INTO tbl_project_review VALUES("206","10","14","6","4","0","783","2013-09-02 07:49:36","703");
INSERT INTO tbl_project_review VALUES("207","10","14","7","0","0","783","2013-09-02 07:49:36","703");
INSERT INTO tbl_project_review VALUES("208","10","14","8","3","0","783","2013-09-02 07:49:36","703");
INSERT INTO tbl_project_review VALUES("209","10","14","9","2","0","783","2013-09-02 07:49:36","703");
INSERT INTO tbl_project_review VALUES("210","10","14","10","1","0","783","2013-09-02 07:49:36","703");
INSERT INTO tbl_project_review VALUES("211","10","14","11","0","0","783","2013-09-02 07:49:36","703");
INSERT INTO tbl_project_review VALUES("212","10","14","12","1","0","783","2013-09-02 07:49:36","703");
INSERT INTO tbl_project_review VALUES("213","10","14","13","2","0","783","2013-09-02 07:49:36","703");
INSERT INTO tbl_project_review VALUES("214","10","14","14","3","0","783","2013-09-02 07:49:36","703");
INSERT INTO tbl_project_review VALUES("215","10","14","15","4","0","783","2013-09-02 07:49:36","703");
INSERT INTO tbl_project_review VALUES("216","10","14","16","0","0","783","2013-09-02 07:49:36","703");
INSERT INTO tbl_project_review VALUES("217","10","14","17","1","0","783","2013-09-02 07:49:36","703");
INSERT INTO tbl_project_review VALUES("218","10","14","18","2","0","783","2013-09-02 07:49:37","703");
INSERT INTO tbl_project_review VALUES("219","10","14","19","3","0","783","2013-09-02 07:49:37","703");
INSERT INTO tbl_project_review VALUES("220","10","14","20","4","0","783","2013-09-02 07:49:37","703");
INSERT INTO tbl_project_review VALUES("221","10","14","21","2","0","783","2013-09-02 07:49:37","703");
INSERT INTO tbl_project_review VALUES("222","10","14","22","3","0","783","2013-09-02 07:49:37","703");
INSERT INTO tbl_project_review VALUES("223","10","14","23","4","0","783","2013-09-02 07:49:37","703");
INSERT INTO tbl_project_review VALUES("224","10","14","24","1","0","783","2013-09-02 07:49:37","703");
INSERT INTO tbl_project_review VALUES("225","10","14","25","0","0","783","2013-09-02 07:49:37","703");
INSERT INTO tbl_project_review VALUES("226","11","1","1","0","0","783","2013-09-02 07:49:39","703");
INSERT INTO tbl_project_review VALUES("227","11","1","2","0","0","783","2013-09-02 07:49:39","703");
INSERT INTO tbl_project_review VALUES("228","11","1","3","0","0","783","2013-09-02 07:49:39","703");
INSERT INTO tbl_project_review VALUES("229","11","1","4","0","0","783","2013-09-02 07:49:39","703");
INSERT INTO tbl_project_review VALUES("230","11","1","5","0","0","783","2013-09-02 07:49:39","703");
INSERT INTO tbl_project_review VALUES("231","11","1","6","1","0","783","2013-09-02 07:49:39","703");
INSERT INTO tbl_project_review VALUES("232","11","1","7","1","0","783","2013-09-02 07:49:39","703");
INSERT INTO tbl_project_review VALUES("233","11","1","8","1","0","783","2013-09-02 07:49:39","703");
INSERT INTO tbl_project_review VALUES("234","11","1","9","1","0","783","2013-09-02 07:49:39","703");
INSERT INTO tbl_project_review VALUES("235","11","1","10","1","0","783","2013-09-02 07:49:39","703");
INSERT INTO tbl_project_review VALUES("236","11","1","11","2","0","783","2013-09-02 07:49:39","703");
INSERT INTO tbl_project_review VALUES("237","11","1","12","2","0","783","2013-09-02 07:49:39","703");
INSERT INTO tbl_project_review VALUES("238","11","1","13","2","0","783","2013-09-02 07:49:39","703");
INSERT INTO tbl_project_review VALUES("239","11","1","14","2","0","783","2013-09-02 07:49:39","703");
INSERT INTO tbl_project_review VALUES("240","11","1","15","2","0","783","2013-09-02 07:49:39","703");
INSERT INTO tbl_project_review VALUES("241","11","1","16","3","0","783","2013-09-02 07:49:39","703");
INSERT INTO tbl_project_review VALUES("242","11","1","17","3","0","783","2013-09-02 07:49:39","703");
INSERT INTO tbl_project_review VALUES("243","11","1","18","3","0","783","2013-09-02 07:49:39","703");
INSERT INTO tbl_project_review VALUES("244","11","1","19","3","0","783","2013-09-02 07:49:39","703");
INSERT INTO tbl_project_review VALUES("245","11","1","20","3","0","783","2013-09-02 07:49:39","703");
INSERT INTO tbl_project_review VALUES("246","11","1","21","4","0","783","2013-09-02 07:49:39","703");
INSERT INTO tbl_project_review VALUES("247","11","1","22","4","0","783","2013-09-02 07:49:39","703");
INSERT INTO tbl_project_review VALUES("248","11","1","23","4","0","783","2013-09-02 07:49:39","703");
INSERT INTO tbl_project_review VALUES("249","11","1","24","4","0","783","2013-09-02 07:49:39","703");
INSERT INTO tbl_project_review VALUES("250","11","1","25","4","0","783","2013-09-02 07:49:39","703");
INSERT INTO tbl_project_review VALUES("251","12","14","1","2","0","783","2013-09-02 07:49:41","703");
INSERT INTO tbl_project_review VALUES("252","12","14","2","4","0","783","2013-09-02 07:49:41","703");
INSERT INTO tbl_project_review VALUES("253","12","14","3","0","0","783","2013-09-02 07:49:41","703");
INSERT INTO tbl_project_review VALUES("254","12","14","4","1","0","783","2013-09-02 07:49:41","703");
INSERT INTO tbl_project_review VALUES("255","12","14","5","3","0","783","2013-09-02 07:49:41","703");
INSERT INTO tbl_project_review VALUES("256","12","14","6","2","0","783","2013-09-02 07:49:41","703");
INSERT INTO tbl_project_review VALUES("257","12","14","7","3","0","783","2013-09-02 07:49:41","703");
INSERT INTO tbl_project_review VALUES("258","12","14","8","3","0","783","2013-09-02 07:49:41","703");
INSERT INTO tbl_project_review VALUES("259","12","14","9","1","0","783","2013-09-02 07:49:41","703");
INSERT INTO tbl_project_review VALUES("260","12","14","10","0","0","783","2013-09-02 07:49:41","703");
INSERT INTO tbl_project_review VALUES("261","12","14","11","1","0","783","2013-09-02 07:49:41","703");
INSERT INTO tbl_project_review VALUES("262","12","14","12","2","0","783","2013-09-02 07:49:41","703");
INSERT INTO tbl_project_review VALUES("263","12","14","13","3","0","783","2013-09-02 07:49:41","703");
INSERT INTO tbl_project_review VALUES("264","12","14","14","0","0","783","2013-09-02 07:49:41","703");
INSERT INTO tbl_project_review VALUES("265","12","14","15","4","0","783","2013-09-02 07:49:41","703");
INSERT INTO tbl_project_review VALUES("266","12","14","16","3","0","783","2013-09-02 07:49:41","703");
INSERT INTO tbl_project_review VALUES("267","12","14","17","2","0","783","2013-09-02 07:49:41","703");
INSERT INTO tbl_project_review VALUES("268","12","14","18","1","0","783","2013-09-02 07:49:41","703");
INSERT INTO tbl_project_review VALUES("269","12","14","19","4","0","783","2013-09-02 07:49:41","703");
INSERT INTO tbl_project_review VALUES("270","12","14","20","0","0","783","2013-09-02 07:49:41","703");
INSERT INTO tbl_project_review VALUES("271","12","14","21","3","0","783","2013-09-02 07:49:41","703");
INSERT INTO tbl_project_review VALUES("272","12","14","22","1","0","783","2013-09-02 07:49:41","703");
INSERT INTO tbl_project_review VALUES("273","12","14","23","4","0","783","2013-09-02 07:49:41","703");
INSERT INTO tbl_project_review VALUES("274","12","14","24","2","0","783","2013-09-02 07:49:41","703");
INSERT INTO tbl_project_review VALUES("275","12","14","25","3","0","783","2013-09-02 07:49:41","703");
INSERT INTO tbl_project_review VALUES("276","13","1","1","0","0","2340","2013-09-02 09:16:29","703");
INSERT INTO tbl_project_review VALUES("277","13","1","2","1","0","2340","2013-09-02 09:16:29","703");
INSERT INTO tbl_project_review VALUES("278","13","1","3","2","0","2340","2013-09-02 09:16:29","703");
INSERT INTO tbl_project_review VALUES("279","13","1","4","0","0","2340","2013-09-02 09:16:29","703");
INSERT INTO tbl_project_review VALUES("280","13","1","5","3","0","2340","2013-09-02 09:16:29","703");
INSERT INTO tbl_project_review VALUES("281","13","1","6","4","0","2340","2013-09-02 09:16:29","703");
INSERT INTO tbl_project_review VALUES("282","13","1","7","0","0","2340","2013-09-02 09:16:29","703");
INSERT INTO tbl_project_review VALUES("283","13","1","8","4","0","2340","2013-09-02 09:16:29","703");
INSERT INTO tbl_project_review VALUES("284","13","1","9","3","0","2340","2013-09-02 09:16:29","703");
INSERT INTO tbl_project_review VALUES("285","13","1","10","1","0","2340","2013-09-02 09:16:29","703");
INSERT INTO tbl_project_review VALUES("286","13","1","11","4","0","2340","2013-09-02 09:16:29","703");
INSERT INTO tbl_project_review VALUES("287","13","1","12","3","0","2340","2013-09-02 09:16:29","703");
INSERT INTO tbl_project_review VALUES("288","13","1","13","2","0","2340","2013-09-02 09:16:29","703");
INSERT INTO tbl_project_review VALUES("289","13","1","14","0","0","2340","2013-09-02 09:16:29","703");
INSERT INTO tbl_project_review VALUES("290","13","1","15","1","0","2340","2013-09-02 09:16:29","703");
INSERT INTO tbl_project_review VALUES("291","13","1","16","0","0","2340","2013-09-02 09:16:29","703");
INSERT INTO tbl_project_review VALUES("292","13","1","17","2","0","2340","2013-09-02 09:16:29","703");
INSERT INTO tbl_project_review VALUES("293","13","1","18","4","0","2340","2013-09-02 09:16:29","703");
INSERT INTO tbl_project_review VALUES("294","13","1","19","3","0","2340","2013-09-02 09:16:29","703");
INSERT INTO tbl_project_review VALUES("295","13","1","20","1","0","2340","2013-09-02 09:16:29","703");
INSERT INTO tbl_project_review VALUES("296","13","1","21","4","0","2340","2013-09-02 09:16:29","703");
INSERT INTO tbl_project_review VALUES("297","13","1","22","0","0","2340","2013-09-02 09:16:29","703");
INSERT INTO tbl_project_review VALUES("298","13","1","23","1","0","2340","2013-09-02 09:16:29","703");
INSERT INTO tbl_project_review VALUES("299","13","1","24","2","0","2340","2013-09-02 09:16:29","703");
INSERT INTO tbl_project_review VALUES("300","13","1","25","4","0","2340","2013-09-02 09:16:29","703");
INSERT INTO tbl_project_review VALUES("301","15","14","1","1","1","2337","2013-09-02 12:29:14","703");
INSERT INTO tbl_project_review VALUES("302","15","14","2","3","1","2337","2013-09-02 12:29:14","703");
INSERT INTO tbl_project_review VALUES("303","15","14","3","4","1","2337","2013-09-02 12:29:14","703");
INSERT INTO tbl_project_review VALUES("304","15","14","4","2","1","2337","2013-09-02 12:29:14","703");
INSERT INTO tbl_project_review VALUES("305","15","14","5","0","1","2337","2013-09-02 12:29:14","703");
INSERT INTO tbl_project_review VALUES("306","15","14","6","4","1","2337","2013-09-02 12:29:14","703");
INSERT INTO tbl_project_review VALUES("307","15","14","7","1","1","2337","2013-09-02 12:29:14","703");
INSERT INTO tbl_project_review VALUES("308","15","14","8","2","1","2337","2013-09-02 12:29:14","703");
INSERT INTO tbl_project_review VALUES("309","15","14","9","3","1","2337","2013-09-02 12:29:14","703");
INSERT INTO tbl_project_review VALUES("310","15","14","10","4","1","2337","2013-09-02 12:29:14","703");
INSERT INTO tbl_project_review VALUES("311","15","14","11","4","1","2337","2013-09-02 12:29:14","703");
INSERT INTO tbl_project_review VALUES("312","15","14","12","3","1","2337","2013-09-02 12:29:14","703");
INSERT INTO tbl_project_review VALUES("313","15","14","13","1","1","2337","2013-09-02 12:29:14","703");
INSERT INTO tbl_project_review VALUES("314","15","14","14","0","1","2337","2013-09-02 12:29:14","703");
INSERT INTO tbl_project_review VALUES("315","15","14","15","3","1","2337","2013-09-02 12:29:14","703");
INSERT INTO tbl_project_review VALUES("316","15","14","16","3","1","2337","2013-09-02 12:29:14","703");
INSERT INTO tbl_project_review VALUES("317","15","14","17","1","1","2337","2013-09-02 12:29:14","703");
INSERT INTO tbl_project_review VALUES("318","15","14","18","0","1","2337","2013-09-02 12:29:14","703");
INSERT INTO tbl_project_review VALUES("319","15","14","19","2","1","2337","2013-09-02 12:29:14","703");
INSERT INTO tbl_project_review VALUES("320","15","14","20","4","1","2337","2013-09-02 12:29:14","703");
INSERT INTO tbl_project_review VALUES("321","15","14","21","3","1","2337","2013-09-02 12:29:14","703");
INSERT INTO tbl_project_review VALUES("322","15","14","22","1","1","2337","2013-09-02 12:29:14","703");
INSERT INTO tbl_project_review VALUES("323","15","14","23","0","1","2337","2013-09-02 12:29:14","703");
INSERT INTO tbl_project_review VALUES("324","15","14","24","2","1","2337","2013-09-02 12:29:14","703");
INSERT INTO tbl_project_review VALUES("325","15","14","25","4","1","2337","2013-09-02 12:29:14","703");
INSERT INTO tbl_project_review VALUES("326","16","14","1","1","0","2337","2013-09-02 12:29:16","703");
INSERT INTO tbl_project_review VALUES("327","16","14","2","4","0","2337","2013-09-02 12:29:16","703");
INSERT INTO tbl_project_review VALUES("328","16","14","3","3","0","2337","2013-09-02 12:29:16","703");
INSERT INTO tbl_project_review VALUES("329","16","14","4","0","0","2337","2013-09-02 12:29:16","703");
INSERT INTO tbl_project_review VALUES("330","16","14","5","4","0","2337","2013-09-02 12:29:16","703");
INSERT INTO tbl_project_review VALUES("331","16","14","6","1","0","2337","2013-09-02 12:29:16","703");
INSERT INTO tbl_project_review VALUES("332","16","14","7","3","0","2337","2013-09-02 12:29:16","703");
INSERT INTO tbl_project_review VALUES("333","16","14","8","4","0","2337","2013-09-02 12:29:16","703");
INSERT INTO tbl_project_review VALUES("334","16","14","9","0","0","2337","2013-09-02 12:29:16","703");
INSERT INTO tbl_project_review VALUES("335","16","14","10","3","0","2337","2013-09-02 12:29:16","703");
INSERT INTO tbl_project_review VALUES("336","16","14","11","1","0","2337","2013-09-02 12:29:16","703");
INSERT INTO tbl_project_review VALUES("337","16","14","12","2","0","2337","2013-09-02 12:29:16","703");
INSERT INTO tbl_project_review VALUES("338","16","14","13","1","0","2337","2013-09-02 12:29:16","703");
INSERT INTO tbl_project_review VALUES("339","16","14","14","0","0","2337","2013-09-02 12:29:16","703");
INSERT INTO tbl_project_review VALUES("340","16","14","15","4","0","2337","2013-09-02 12:29:16","703");
INSERT INTO tbl_project_review VALUES("341","16","14","16","1","0","2337","2013-09-02 12:29:16","703");
INSERT INTO tbl_project_review VALUES("342","16","14","17","3","0","2337","2013-09-02 12:29:16","703");
INSERT INTO tbl_project_review VALUES("343","16","14","18","0","0","2337","2013-09-02 12:29:16","703");
INSERT INTO tbl_project_review VALUES("344","16","14","19","2","0","2337","2013-09-02 12:29:16","703");
INSERT INTO tbl_project_review VALUES("345","16","14","20","4","0","2337","2013-09-02 12:29:16","703");
INSERT INTO tbl_project_review VALUES("346","16","14","21","0","0","2337","2013-09-02 12:29:16","703");
INSERT INTO tbl_project_review VALUES("347","16","14","22","2","0","2337","2013-09-02 12:29:16","703");
INSERT INTO tbl_project_review VALUES("348","16","14","23","2","0","2337","2013-09-02 12:29:16","703");
INSERT INTO tbl_project_review VALUES("349","16","14","24","1","0","2337","2013-09-02 12:29:16","703");
INSERT INTO tbl_project_review VALUES("350","16","14","25","4","0","2337","2013-09-02 12:29:16","703");
INSERT INTO tbl_project_review VALUES("351","17","1","1","1","0","2338","2013-09-02 12:32:39","703");
INSERT INTO tbl_project_review VALUES("352","17","1","2","2","0","2338","2013-09-02 12:32:39","703");
INSERT INTO tbl_project_review VALUES("353","17","1","3","4","0","2338","2013-09-02 12:32:39","703");
INSERT INTO tbl_project_review VALUES("354","17","1","4","3","0","2338","2013-09-02 12:32:39","703");
INSERT INTO tbl_project_review VALUES("355","17","1","5","0","0","2338","2013-09-02 12:32:39","703");
INSERT INTO tbl_project_review VALUES("356","17","1","6","4","0","2338","2013-09-02 12:32:39","703");
INSERT INTO tbl_project_review VALUES("357","17","1","7","3","0","2338","2013-09-02 12:32:39","703");
INSERT INTO tbl_project_review VALUES("358","17","1","8","2","0","2338","2013-09-02 12:32:39","703");
INSERT INTO tbl_project_review VALUES("359","17","1","9","1","0","2338","2013-09-02 12:32:39","703");
INSERT INTO tbl_project_review VALUES("360","17","1","10","0","0","2338","2013-09-02 12:32:39","703");
INSERT INTO tbl_project_review VALUES("361","17","1","11","4","0","2338","2013-09-02 12:32:39","703");
INSERT INTO tbl_project_review VALUES("362","17","1","12","3","0","2338","2013-09-02 12:32:39","703");
INSERT INTO tbl_project_review VALUES("363","17","1","13","2","0","2338","2013-09-02 12:32:39","703");
INSERT INTO tbl_project_review VALUES("364","17","1","14","1","0","2338","2013-09-02 12:32:39","703");
INSERT INTO tbl_project_review VALUES("365","17","1","15","0","0","2338","2013-09-02 12:32:39","703");
INSERT INTO tbl_project_review VALUES("366","17","1","16","0","0","2338","2013-09-02 12:32:39","703");
INSERT INTO tbl_project_review VALUES("367","17","1","17","1","0","2338","2013-09-02 12:32:39","703");
INSERT INTO tbl_project_review VALUES("368","17","1","18","2","0","2338","2013-09-02 12:32:39","703");
INSERT INTO tbl_project_review VALUES("369","17","1","19","3","0","2338","2013-09-02 12:32:39","703");
INSERT INTO tbl_project_review VALUES("370","17","1","20","4","0","2338","2013-09-02 12:32:39","703");
INSERT INTO tbl_project_review VALUES("371","17","1","21","4","0","2338","2013-09-02 12:32:39","703");
INSERT INTO tbl_project_review VALUES("372","17","1","22","2","0","2338","2013-09-02 12:32:39","703");
INSERT INTO tbl_project_review VALUES("373","17","1","23","3","0","2338","2013-09-02 12:32:39","703");
INSERT INTO tbl_project_review VALUES("374","17","1","24","0","0","2338","2013-09-02 12:32:39","703");
INSERT INTO tbl_project_review VALUES("375","17","1","25","1","0","2338","2013-09-02 12:32:39","703");
INSERT INTO tbl_project_review VALUES("376","18","14","1","1","1","2338","2013-09-02 12:32:44","703");
INSERT INTO tbl_project_review VALUES("377","18","14","2","4","1","2338","2013-09-02 12:32:44","703");
INSERT INTO tbl_project_review VALUES("378","18","14","3","3","1","2338","2013-09-02 12:32:44","703");
INSERT INTO tbl_project_review VALUES("379","18","14","4","0","1","2338","2013-09-02 12:32:44","703");
INSERT INTO tbl_project_review VALUES("380","18","14","5","2","1","2338","2013-09-02 12:32:44","703");
INSERT INTO tbl_project_review VALUES("381","18","14","6","4","1","2338","2013-09-02 12:32:44","703");
INSERT INTO tbl_project_review VALUES("382","18","14","7","0","1","2338","2013-09-02 12:32:44","703");
INSERT INTO tbl_project_review VALUES("383","18","14","8","1","1","2338","2013-09-02 12:32:44","703");
INSERT INTO tbl_project_review VALUES("384","18","14","9","4","1","2338","2013-09-02 12:32:44","703");
INSERT INTO tbl_project_review VALUES("385","18","14","10","3","1","2338","2013-09-02 12:32:44","703");
INSERT INTO tbl_project_review VALUES("386","18","14","11","2","1","2338","2013-09-02 12:32:44","703");
INSERT INTO tbl_project_review VALUES("387","18","14","12","4","1","2338","2013-09-02 12:32:44","703");
INSERT INTO tbl_project_review VALUES("388","18","14","13","3","1","2338","2013-09-02 12:32:44","703");
INSERT INTO tbl_project_review VALUES("389","18","14","14","0","1","2338","2013-09-02 12:32:44","703");
INSERT INTO tbl_project_review VALUES("390","18","14","15","2","1","2338","2013-09-02 12:32:44","703");
INSERT INTO tbl_project_review VALUES("391","18","14","16","4","1","2338","2013-09-02 12:32:44","703");
INSERT INTO tbl_project_review VALUES("392","18","14","17","3","1","2338","2013-09-02 12:32:44","703");
INSERT INTO tbl_project_review VALUES("393","18","14","18","2","1","2338","2013-09-02 12:32:44","703");
INSERT INTO tbl_project_review VALUES("394","18","14","19","0","1","2338","2013-09-02 12:32:44","703");
INSERT INTO tbl_project_review VALUES("395","18","14","20","1","1","2338","2013-09-02 12:32:44","703");
INSERT INTO tbl_project_review VALUES("396","18","14","21","4","1","2338","2013-09-02 12:32:44","703");
INSERT INTO tbl_project_review VALUES("397","18","14","22","3","1","2338","2013-09-02 12:32:44","703");
INSERT INTO tbl_project_review VALUES("398","18","14","23","0","1","2338","2013-09-02 12:32:44","703");
INSERT INTO tbl_project_review VALUES("399","18","14","24","1","1","2338","2013-09-02 12:32:44","703");
INSERT INTO tbl_project_review VALUES("400","18","14","25","2","1","2338","2013-09-02 12:32:44","703");
INSERT INTO tbl_project_review VALUES("451","21","14","1","3","1","2337","2013-09-02 12:53:50","703");
INSERT INTO tbl_project_review VALUES("452","21","14","2","4","1","2337","2013-09-02 12:53:50","703");
INSERT INTO tbl_project_review VALUES("453","21","14","3","3","1","2337","2013-09-02 12:53:50","703");
INSERT INTO tbl_project_review VALUES("454","21","14","4","0","1","2337","2013-09-02 12:53:50","703");
INSERT INTO tbl_project_review VALUES("455","21","14","5","3","1","2337","2013-09-02 12:53:50","703");
INSERT INTO tbl_project_review VALUES("456","21","14","6","4","1","2337","2013-09-02 12:53:50","703");
INSERT INTO tbl_project_review VALUES("457","21","14","7","4","1","2337","2013-09-02 12:53:50","703");
INSERT INTO tbl_project_review VALUES("458","21","14","8","1","1","2337","2013-09-02 12:53:50","703");
INSERT INTO tbl_project_review VALUES("459","21","14","9","2","1","2337","2013-09-02 12:53:50","703");
INSERT INTO tbl_project_review VALUES("460","21","14","10","1","1","2337","2013-09-02 12:53:50","703");
INSERT INTO tbl_project_review VALUES("461","21","14","11","3","1","2337","2013-09-02 12:53:50","703");
INSERT INTO tbl_project_review VALUES("462","21","14","12","1","1","2337","2013-09-02 12:53:50","703");
INSERT INTO tbl_project_review VALUES("463","21","14","13","0","1","2337","2013-09-02 12:53:50","703");
INSERT INTO tbl_project_review VALUES("464","21","14","14","2","1","2337","2013-09-02 12:53:50","703");
INSERT INTO tbl_project_review VALUES("465","21","14","15","4","1","2337","2013-09-02 12:53:50","703");
INSERT INTO tbl_project_review VALUES("466","21","14","16","2","1","2337","2013-09-02 12:53:50","703");
INSERT INTO tbl_project_review VALUES("467","21","14","17","1","1","2337","2013-09-02 12:53:50","703");
INSERT INTO tbl_project_review VALUES("468","21","14","18","0","1","2337","2013-09-02 12:53:50","703");
INSERT INTO tbl_project_review VALUES("469","21","14","19","3","1","2337","2013-09-02 12:53:50","703");
INSERT INTO tbl_project_review VALUES("470","21","14","20","4","1","2337","2013-09-02 12:53:50","703");
INSERT INTO tbl_project_review VALUES("471","21","14","21","1","1","2337","2013-09-02 12:53:50","703");
INSERT INTO tbl_project_review VALUES("472","21","14","22","3","1","2337","2013-09-02 12:53:50","703");
INSERT INTO tbl_project_review VALUES("473","21","14","23","2","1","2337","2013-09-02 12:53:50","703");
INSERT INTO tbl_project_review VALUES("474","21","14","24","0","1","2337","2013-09-02 12:53:50","703");
INSERT INTO tbl_project_review VALUES("475","21","14","25","4","1","2337","2013-09-02 12:53:50","703");
INSERT INTO tbl_project_review VALUES("501","23","1","1","3","0","2338","2013-09-02 12:54:33","703");
INSERT INTO tbl_project_review VALUES("502","23","1","2","2","0","2338","2013-09-02 12:54:33","703");
INSERT INTO tbl_project_review VALUES("503","23","1","3","2","0","2338","2013-09-02 12:54:33","703");
INSERT INTO tbl_project_review VALUES("504","23","1","4","3","0","2338","2013-09-02 12:54:33","703");
INSERT INTO tbl_project_review VALUES("505","23","1","5","2","0","2338","2013-09-02 12:54:33","703");
INSERT INTO tbl_project_review VALUES("506","23","1","6","2","0","2338","2013-09-02 12:54:33","703");
INSERT INTO tbl_project_review VALUES("507","23","1","7","3","0","2338","2013-09-02 12:54:33","703");
INSERT INTO tbl_project_review VALUES("508","23","1","8","3","0","2338","2013-09-02 12:54:33","703");
INSERT INTO tbl_project_review VALUES("509","23","1","9","3","0","2338","2013-09-02 12:54:33","703");
INSERT INTO tbl_project_review VALUES("510","23","1","10","2","0","2338","2013-09-02 12:54:33","703");
INSERT INTO tbl_project_review VALUES("511","23","1","11","2","0","2338","2013-09-02 12:54:33","703");
INSERT INTO tbl_project_review VALUES("512","23","1","12","3","0","2338","2013-09-02 12:54:33","703");
INSERT INTO tbl_project_review VALUES("513","23","1","13","2","0","2338","2013-09-02 12:54:33","703");
INSERT INTO tbl_project_review VALUES("514","23","1","14","3","0","2338","2013-09-02 12:54:33","703");
INSERT INTO tbl_project_review VALUES("515","23","1","15","2","0","2338","2013-09-02 12:54:33","703");
INSERT INTO tbl_project_review VALUES("516","23","1","16","2","0","2338","2013-09-02 12:54:33","703");
INSERT INTO tbl_project_review VALUES("517","23","1","17","2","0","2338","2013-09-02 12:54:33","703");
INSERT INTO tbl_project_review VALUES("518","23","1","18","2","0","2338","2013-09-02 12:54:33","703");
INSERT INTO tbl_project_review VALUES("519","23","1","19","2","0","2338","2013-09-02 12:54:33","703");
INSERT INTO tbl_project_review VALUES("520","23","1","20","2","0","2338","2013-09-02 12:54:33","703");
INSERT INTO tbl_project_review VALUES("521","23","1","21","2","0","2338","2013-09-02 12:54:33","703");
INSERT INTO tbl_project_review VALUES("522","23","1","22","2","0","2338","2013-09-02 12:54:33","703");
INSERT INTO tbl_project_review VALUES("523","23","1","23","3","0","2338","2013-09-02 12:54:33","703");
INSERT INTO tbl_project_review VALUES("524","23","1","24","3","0","2338","2013-09-02 12:54:33","703");
INSERT INTO tbl_project_review VALUES("525","23","1","25","3","0","2338","2013-09-02 12:54:33","703");
INSERT INTO tbl_project_review VALUES("526","24","14","1","3","0","2337","2013-09-02 13:11:41","703");
INSERT INTO tbl_project_review VALUES("527","24","14","2","1","0","2337","2013-09-02 13:11:41","703");
INSERT INTO tbl_project_review VALUES("528","24","14","3","4","0","2337","2013-09-02 13:11:41","703");
INSERT INTO tbl_project_review VALUES("529","24","14","4","0","0","2337","2013-09-02 13:11:41","703");
INSERT INTO tbl_project_review VALUES("530","24","14","5","4","0","2337","2013-09-02 13:11:41","703");
INSERT INTO tbl_project_review VALUES("531","24","14","6","2","0","2337","2013-09-02 13:11:41","703");
INSERT INTO tbl_project_review VALUES("532","24","14","7","3","0","2337","2013-09-02 13:11:41","703");
INSERT INTO tbl_project_review VALUES("533","24","14","8","2","0","2337","2013-09-02 13:11:41","703");
INSERT INTO tbl_project_review VALUES("534","24","14","9","1","0","2337","2013-09-02 13:11:41","703");
INSERT INTO tbl_project_review VALUES("535","24","14","10","0","0","2337","2013-09-02 13:11:41","703");
INSERT INTO tbl_project_review VALUES("536","24","14","11","1","0","2337","2013-09-02 13:11:41","703");
INSERT INTO tbl_project_review VALUES("537","24","14","12","0","0","2337","2013-09-02 13:11:41","703");
INSERT INTO tbl_project_review VALUES("538","24","14","13","1","0","2337","2013-09-02 13:11:41","703");
INSERT INTO tbl_project_review VALUES("539","24","14","14","3","0","2337","2013-09-02 13:11:41","703");
INSERT INTO tbl_project_review VALUES("540","24","14","15","1","0","2337","2013-09-02 13:11:41","703");
INSERT INTO tbl_project_review VALUES("541","24","14","16","4","0","2337","2013-09-02 13:11:41","703");
INSERT INTO tbl_project_review VALUES("542","24","14","17","3","0","2337","2013-09-02 13:11:41","703");
INSERT INTO tbl_project_review VALUES("543","24","14","18","3","0","2337","2013-09-02 13:11:41","703");
INSERT INTO tbl_project_review VALUES("544","24","14","19","3","0","2337","2013-09-02 13:11:41","703");
INSERT INTO tbl_project_review VALUES("545","24","14","20","2","0","2337","2013-09-02 13:11:41","703");
INSERT INTO tbl_project_review VALUES("546","24","14","21","3","0","2337","2013-09-02 13:11:41","703");
INSERT INTO tbl_project_review VALUES("547","24","14","22","4","0","2337","2013-09-02 13:11:41","703");
INSERT INTO tbl_project_review VALUES("548","24","14","23","0","0","2337","2013-09-02 13:11:41","703");
INSERT INTO tbl_project_review VALUES("549","24","14","24","1","0","2337","2013-09-02 13:11:41","703");
INSERT INTO tbl_project_review VALUES("550","24","14","25","3","0","2337","2013-09-02 13:11:41","703");
INSERT INTO tbl_project_review VALUES("576","22","1","1","1","1","2337","2013-09-02 13:28:05","703");
INSERT INTO tbl_project_review VALUES("577","22","1","2","1","1","2337","2013-09-02 13:28:05","703");
INSERT INTO tbl_project_review VALUES("578","22","1","3","2","1","2337","2013-09-02 13:28:05","703");
INSERT INTO tbl_project_review VALUES("579","22","1","4","3","1","2337","2013-09-02 13:28:05","703");
INSERT INTO tbl_project_review VALUES("580","22","1","5","2","1","2337","2013-09-02 13:28:05","703");
INSERT INTO tbl_project_review VALUES("581","22","1","6","2","1","2337","2013-09-02 13:28:05","703");
INSERT INTO tbl_project_review VALUES("582","22","1","7","2","1","2337","2013-09-02 13:28:05","703");
INSERT INTO tbl_project_review VALUES("583","22","1","8","3","1","2337","2013-09-02 13:28:05","703");
INSERT INTO tbl_project_review VALUES("584","22","1","9","3","1","2337","2013-09-02 13:28:05","703");
INSERT INTO tbl_project_review VALUES("585","22","1","10","3","1","2337","2013-09-02 13:28:05","703");
INSERT INTO tbl_project_review VALUES("586","22","1","11","2","1","2337","2013-09-02 13:28:05","703");
INSERT INTO tbl_project_review VALUES("587","22","1","12","2","1","2337","2013-09-02 13:28:05","703");
INSERT INTO tbl_project_review VALUES("588","22","1","13","3","1","2337","2013-09-02 13:28:05","703");
INSERT INTO tbl_project_review VALUES("589","22","1","14","2","1","2337","2013-09-02 13:28:05","703");
INSERT INTO tbl_project_review VALUES("590","22","1","15","2","1","2337","2013-09-02 13:28:05","703");
INSERT INTO tbl_project_review VALUES("591","22","1","16","2","1","2337","2013-09-02 13:28:05","703");
INSERT INTO tbl_project_review VALUES("592","22","1","17","1","1","2337","2013-09-02 13:28:05","703");
INSERT INTO tbl_project_review VALUES("593","22","1","18","2","1","2337","2013-09-02 13:28:05","703");
INSERT INTO tbl_project_review VALUES("594","22","1","19","1","1","2337","2013-09-02 13:28:05","703");
INSERT INTO tbl_project_review VALUES("595","22","1","20","2","1","2337","2013-09-02 13:28:05","703");
INSERT INTO tbl_project_review VALUES("596","22","1","21","2","1","2337","2013-09-02 13:28:05","703");
INSERT INTO tbl_project_review VALUES("597","22","1","22","3","1","2337","2013-09-02 13:28:05","703");
INSERT INTO tbl_project_review VALUES("598","22","1","23","2","1","2337","2013-09-02 13:28:05","703");
INSERT INTO tbl_project_review VALUES("599","22","1","24","1","1","2337","2013-09-02 13:28:05","703");
INSERT INTO tbl_project_review VALUES("600","22","1","25","2","1","2337","2013-09-02 13:28:05","703");
INSERT INTO tbl_project_review VALUES("601","19","1","1","1","1","2337","2013-09-02 13:29:35","703");
INSERT INTO tbl_project_review VALUES("602","19","1","2","4","1","2337","2013-09-02 13:29:35","703");
INSERT INTO tbl_project_review VALUES("603","19","1","3","3","1","2337","2013-09-02 13:29:35","703");
INSERT INTO tbl_project_review VALUES("604","19","1","4","0","1","2337","2013-09-02 13:29:35","703");
INSERT INTO tbl_project_review VALUES("605","19","1","5","2","1","2337","2013-09-02 13:29:35","703");
INSERT INTO tbl_project_review VALUES("606","19","1","6","4","1","2337","2013-09-02 13:29:35","703");
INSERT INTO tbl_project_review VALUES("607","19","1","7","0","1","2337","2013-09-02 13:29:35","703");
INSERT INTO tbl_project_review VALUES("608","19","1","8","2","1","2337","2013-09-02 13:29:35","703");
INSERT INTO tbl_project_review VALUES("609","19","1","9","4","1","2337","2013-09-02 13:29:35","703");
INSERT INTO tbl_project_review VALUES("610","19","1","10","3","1","2337","2013-09-02 13:29:35","703");
INSERT INTO tbl_project_review VALUES("611","19","1","11","3","1","2337","2013-09-02 13:29:35","703");
INSERT INTO tbl_project_review VALUES("612","19","1","12","2","1","2337","2013-09-02 13:29:35","703");
INSERT INTO tbl_project_review VALUES("613","19","1","13","1","1","2337","2013-09-02 13:29:35","703");
INSERT INTO tbl_project_review VALUES("614","19","1","14","0","1","2337","2013-09-02 13:29:35","703");
INSERT INTO tbl_project_review VALUES("615","19","1","15","4","1","2337","2013-09-02 13:29:35","703");
INSERT INTO tbl_project_review VALUES("616","19","1","16","4","1","2337","2013-09-02 13:29:35","703");
INSERT INTO tbl_project_review VALUES("617","19","1","17","1","1","2337","2013-09-02 13:29:35","703");
INSERT INTO tbl_project_review VALUES("618","19","1","18","2","1","2337","2013-09-02 13:29:35","703");
INSERT INTO tbl_project_review VALUES("619","19","1","19","0","1","2337","2013-09-02 13:29:35","703");
INSERT INTO tbl_project_review VALUES("620","19","1","20","3","1","2337","2013-09-02 13:29:35","703");
INSERT INTO tbl_project_review VALUES("621","19","1","21","4","1","2337","2013-09-02 13:29:35","703");
INSERT INTO tbl_project_review VALUES("622","19","1","22","3","1","2337","2013-09-02 13:29:35","703");
INSERT INTO tbl_project_review VALUES("623","19","1","23","2","1","2337","2013-09-02 13:29:35","703");
INSERT INTO tbl_project_review VALUES("624","19","1","24","1","1","2337","2013-09-02 13:29:35","703");
INSERT INTO tbl_project_review VALUES("625","19","1","25","0","1","2337","2013-09-02 13:29:35","703");
INSERT INTO tbl_project_review VALUES("626","20","1","1","2","0","2337","2013-09-02 13:29:36","703");
INSERT INTO tbl_project_review VALUES("627","20","1","2","1","0","2337","2013-09-02 13:29:36","703");
INSERT INTO tbl_project_review VALUES("628","20","1","3","0","0","2337","2013-09-02 13:29:36","703");
INSERT INTO tbl_project_review VALUES("629","20","1","4","3","0","2337","2013-09-02 13:29:36","703");
INSERT INTO tbl_project_review VALUES("630","20","1","5","4","0","2337","2013-09-02 13:29:36","703");
INSERT INTO tbl_project_review VALUES("631","20","1","6","4","0","2337","2013-09-02 13:29:36","703");
INSERT INTO tbl_project_review VALUES("632","20","1","7","2","0","2337","2013-09-02 13:29:36","703");
INSERT INTO tbl_project_review VALUES("633","20","1","8","0","0","2337","2013-09-02 13:29:36","703");
INSERT INTO tbl_project_review VALUES("634","20","1","9","4","0","2337","2013-09-02 13:29:36","703");
INSERT INTO tbl_project_review VALUES("635","20","1","10","1","0","2337","2013-09-02 13:29:36","703");
INSERT INTO tbl_project_review VALUES("636","20","1","11","4","0","2337","2013-09-02 13:29:36","703");
INSERT INTO tbl_project_review VALUES("637","20","1","12","0","0","2337","2013-09-02 13:29:36","703");
INSERT INTO tbl_project_review VALUES("638","20","1","13","2","0","2337","2013-09-02 13:29:36","703");
INSERT INTO tbl_project_review VALUES("639","20","1","14","4","0","2337","2013-09-02 13:29:36","703");
INSERT INTO tbl_project_review VALUES("640","20","1","15","3","0","2337","2013-09-02 13:29:36","703");
INSERT INTO tbl_project_review VALUES("641","20","1","16","4","0","2337","2013-09-02 13:29:36","703");
INSERT INTO tbl_project_review VALUES("642","20","1","17","2","0","2337","2013-09-02 13:29:36","703");
INSERT INTO tbl_project_review VALUES("643","20","1","18","2","0","2337","2013-09-02 13:29:36","703");
INSERT INTO tbl_project_review VALUES("644","20","1","19","0","0","2337","2013-09-02 13:29:36","703");
INSERT INTO tbl_project_review VALUES("645","20","1","20","4","0","2337","2013-09-02 13:29:36","703");
INSERT INTO tbl_project_review VALUES("646","20","1","21","2","0","2337","2013-09-02 13:29:36","703");
INSERT INTO tbl_project_review VALUES("647","20","1","22","2","0","2337","2013-09-02 13:29:36","703");
INSERT INTO tbl_project_review VALUES("648","20","1","23","3","0","2337","2013-09-02 13:29:36","703");
INSERT INTO tbl_project_review VALUES("649","20","1","24","4","0","2337","2013-09-02 13:29:36","703");
INSERT INTO tbl_project_review VALUES("650","20","1","25","0","0","2337","2013-09-02 13:29:36","703");
INSERT INTO tbl_project_review VALUES("651","25","1","1","2","0","2337","2013-09-04 06:54:46","703");
INSERT INTO tbl_project_review VALUES("652","25","1","2","4","0","2337","2013-09-04 06:54:46","703");
INSERT INTO tbl_project_review VALUES("653","25","1","3","3","0","2337","2013-09-04 06:54:46","703");
INSERT INTO tbl_project_review VALUES("654","25","1","4","2","0","2337","2013-09-04 06:54:46","703");
INSERT INTO tbl_project_review VALUES("655","25","1","5","2","0","2337","2013-09-04 06:54:46","703");
INSERT INTO tbl_project_review VALUES("656","25","1","6","1","0","2337","2013-09-04 06:54:46","703");
INSERT INTO tbl_project_review VALUES("657","25","1","7","3","0","2337","2013-09-04 06:54:46","703");
INSERT INTO tbl_project_review VALUES("658","25","1","8","3","0","2337","2013-09-04 06:54:46","703");
INSERT INTO tbl_project_review VALUES("659","25","1","9","2","0","2337","2013-09-04 06:54:46","703");
INSERT INTO tbl_project_review VALUES("660","25","1","10","1","0","2337","2013-09-04 06:54:46","703");
INSERT INTO tbl_project_review VALUES("661","25","1","11","1","0","2337","2013-09-04 06:54:46","703");
INSERT INTO tbl_project_review VALUES("662","25","1","12","4","0","2337","2013-09-04 06:54:46","703");
INSERT INTO tbl_project_review VALUES("663","25","1","13","3","0","2337","2013-09-04 06:54:46","703");
INSERT INTO tbl_project_review VALUES("664","25","1","14","2","0","2337","2013-09-04 06:54:46","703");
INSERT INTO tbl_project_review VALUES("665","25","1","15","1","0","2337","2013-09-04 06:54:46","703");
INSERT INTO tbl_project_review VALUES("666","25","1","16","2","0","2337","2013-09-04 06:54:46","703");
INSERT INTO tbl_project_review VALUES("667","25","1","17","4","0","2337","2013-09-04 06:54:46","703");
INSERT INTO tbl_project_review VALUES("668","25","1","18","3","0","2337","2013-09-04 06:54:46","703");
INSERT INTO tbl_project_review VALUES("669","25","1","19","1","0","2337","2013-09-04 06:54:46","703");
INSERT INTO tbl_project_review VALUES("670","25","1","20","4","0","2337","2013-09-04 06:54:46","703");
INSERT INTO tbl_project_review VALUES("671","25","1","21","2","0","2337","2013-09-04 06:54:46","703");
INSERT INTO tbl_project_review VALUES("672","25","1","22","3","0","2337","2013-09-04 06:54:46","703");
INSERT INTO tbl_project_review VALUES("673","25","1","23","4","0","2337","2013-09-04 06:54:46","703");
INSERT INTO tbl_project_review VALUES("674","25","1","24","2","0","2337","2013-09-04 06:54:46","703");
INSERT INTO tbl_project_review VALUES("675","25","1","25","3","0","2337","2013-09-04 06:54:46","703");
INSERT INTO tbl_project_review VALUES("676","26","1","1","3","1","1683","2013-09-09 09:03:14","703");
INSERT INTO tbl_project_review VALUES("677","26","1","2","4","1","1683","2013-09-09 09:03:14","703");
INSERT INTO tbl_project_review VALUES("678","26","1","3","2","1","1683","2013-09-09 09:03:14","703");
INSERT INTO tbl_project_review VALUES("679","26","1","4","4","1","1683","2013-09-09 09:03:14","703");
INSERT INTO tbl_project_review VALUES("680","26","1","5","4","1","1683","2013-09-09 09:03:14","703");
INSERT INTO tbl_project_review VALUES("681","26","1","6","4","1","1683","2013-09-09 09:03:14","703");
INSERT INTO tbl_project_review VALUES("682","26","1","7","4","1","1683","2013-09-09 09:03:14","703");
INSERT INTO tbl_project_review VALUES("683","26","1","8","4","1","1683","2013-09-09 09:03:14","703");
INSERT INTO tbl_project_review VALUES("684","26","1","9","4","1","1683","2013-09-09 09:03:14","703");
INSERT INTO tbl_project_review VALUES("685","26","1","10","4","1","1683","2013-09-09 09:03:14","703");
INSERT INTO tbl_project_review VALUES("686","26","1","11","4","1","1683","2013-09-09 09:03:14","703");
INSERT INTO tbl_project_review VALUES("687","26","1","12","4","1","1683","2013-09-09 09:03:14","703");
INSERT INTO tbl_project_review VALUES("688","26","1","13","4","1","1683","2013-09-09 09:03:14","703");
INSERT INTO tbl_project_review VALUES("689","26","1","14","4","1","1683","2013-09-09 09:03:14","703");
INSERT INTO tbl_project_review VALUES("690","26","1","15","4","1","1683","2013-09-09 09:03:14","703");
INSERT INTO tbl_project_review VALUES("691","26","1","16","4","1","1683","2013-09-09 09:03:14","703");
INSERT INTO tbl_project_review VALUES("692","26","1","17","4","1","1683","2013-09-09 09:03:14","703");
INSERT INTO tbl_project_review VALUES("693","26","1","18","4","1","1683","2013-09-09 09:03:14","703");
INSERT INTO tbl_project_review VALUES("694","26","1","19","4","1","1683","2013-09-09 09:03:14","703");
INSERT INTO tbl_project_review VALUES("695","26","1","20","4","1","1683","2013-09-09 09:03:14","703");
INSERT INTO tbl_project_review VALUES("696","26","1","21","4","1","1683","2013-09-09 09:03:14","703");
INSERT INTO tbl_project_review VALUES("697","26","1","22","4","1","1683","2013-09-09 09:03:14","703");
INSERT INTO tbl_project_review VALUES("698","26","1","23","4","1","1683","2013-09-09 09:03:14","703");
INSERT INTO tbl_project_review VALUES("699","26","1","24","4","1","1683","2013-09-09 09:03:14","703");
INSERT INTO tbl_project_review VALUES("700","26","1","25","4","1","1683","2013-09-09 09:03:14","703");
INSERT INTO tbl_project_review VALUES("701","27","1","1","3","1","1683","2013-10-22 04:26:32","703");
INSERT INTO tbl_project_review VALUES("702","27","1","2","3","1","1683","2013-10-22 04:26:33","703");
INSERT INTO tbl_project_review VALUES("703","27","1","3","3","1","1683","2013-10-22 04:26:33","703");
INSERT INTO tbl_project_review VALUES("704","27","1","4","3","1","1683","2013-10-22 04:26:33","703");
INSERT INTO tbl_project_review VALUES("705","27","1","5","3","1","1683","2013-10-22 04:26:33","703");
INSERT INTO tbl_project_review VALUES("706","27","1","6","3","1","1683","2013-10-22 04:26:33","703");
INSERT INTO tbl_project_review VALUES("707","27","1","7","3","1","1683","2013-10-22 04:26:33","703");
INSERT INTO tbl_project_review VALUES("708","27","1","8","3","1","1683","2013-10-22 04:26:33","703");
INSERT INTO tbl_project_review VALUES("709","27","1","9","3","1","1683","2013-10-22 04:26:33","703");
INSERT INTO tbl_project_review VALUES("710","27","1","10","2","1","1683","2013-10-22 04:26:33","703");
INSERT INTO tbl_project_review VALUES("711","27","1","11","3","1","1683","2013-10-22 04:26:33","703");
INSERT INTO tbl_project_review VALUES("712","27","1","12","3","1","1683","2013-10-22 04:26:33","703");
INSERT INTO tbl_project_review VALUES("713","27","1","13","3","1","1683","2013-10-22 04:26:33","703");
INSERT INTO tbl_project_review VALUES("714","27","1","14","4","1","1683","2013-10-22 04:26:33","703");
INSERT INTO tbl_project_review VALUES("715","27","1","15","4","1","1683","2013-10-22 04:26:33","703");
INSERT INTO tbl_project_review VALUES("716","27","1","16","3","1","1683","2013-10-22 04:26:33","703");
INSERT INTO tbl_project_review VALUES("717","27","1","17","4","1","1683","2013-10-22 04:26:33","703");
INSERT INTO tbl_project_review VALUES("718","27","1","18","3","1","1683","2013-10-22 04:26:33","703");
INSERT INTO tbl_project_review VALUES("719","27","1","19","4","1","1683","2013-10-22 04:26:33","703");
INSERT INTO tbl_project_review VALUES("720","27","1","20","3","1","1683","2013-10-22 04:26:33","703");
INSERT INTO tbl_project_review VALUES("721","27","1","21","2","1","1683","2013-10-22 04:26:33","703");
INSERT INTO tbl_project_review VALUES("722","27","1","22","2","1","1683","2013-10-22 04:26:33","703");
INSERT INTO tbl_project_review VALUES("723","27","1","23","1","1","1683","2013-10-22 04:26:33","703");
INSERT INTO tbl_project_review VALUES("724","27","1","24","3","1","1683","2013-10-22 04:26:33","703");
INSERT INTO tbl_project_review VALUES("725","27","1","25","3","1","1683","2013-10-22 04:26:33","703");
INSERT INTO tbl_project_review VALUES("726","28","14","1","2","1","1684","2013-10-22 05:27:14","703");
INSERT INTO tbl_project_review VALUES("727","28","14","2","0","1","1684","2013-10-22 05:27:14","703");
INSERT INTO tbl_project_review VALUES("728","28","14","3","3","1","1684","2013-10-22 05:27:14","703");
INSERT INTO tbl_project_review VALUES("729","28","14","4","0","1","1684","2013-10-22 05:27:14","703");
INSERT INTO tbl_project_review VALUES("730","28","14","5","3","1","1684","2013-10-22 05:27:14","703");
INSERT INTO tbl_project_review VALUES("731","28","14","6","1","1","1684","2013-10-22 05:27:14","703");
INSERT INTO tbl_project_review VALUES("732","28","14","7","2","1","1684","2013-10-22 05:27:14","703");
INSERT INTO tbl_project_review VALUES("733","28","14","8","3","1","1684","2013-10-22 05:27:14","703");
INSERT INTO tbl_project_review VALUES("734","28","14","9","1","1","1684","2013-10-22 05:27:14","703");
INSERT INTO tbl_project_review VALUES("735","28","14","10","3","1","1684","2013-10-22 05:27:14","703");
INSERT INTO tbl_project_review VALUES("736","28","14","11","1","1","1684","2013-10-22 05:27:14","703");
INSERT INTO tbl_project_review VALUES("737","28","14","12","4","1","1684","2013-10-22 05:27:14","703");
INSERT INTO tbl_project_review VALUES("738","28","14","13","2","1","1684","2013-10-22 05:27:14","703");
INSERT INTO tbl_project_review VALUES("739","28","14","14","3","1","1684","2013-10-22 05:27:14","703");
INSERT INTO tbl_project_review VALUES("740","28","14","15","3","1","1684","2013-10-22 05:27:14","703");
INSERT INTO tbl_project_review VALUES("741","28","14","16","1","1","1684","2013-10-22 05:27:14","703");
INSERT INTO tbl_project_review VALUES("742","28","14","17","3","1","1684","2013-10-22 05:27:14","703");
INSERT INTO tbl_project_review VALUES("743","28","14","18","2","1","1684","2013-10-22 05:27:14","703");
INSERT INTO tbl_project_review VALUES("744","28","14","19","1","1","1684","2013-10-22 05:27:14","703");
INSERT INTO tbl_project_review VALUES("745","28","14","20","2","1","1684","2013-10-22 05:27:14","703");
INSERT INTO tbl_project_review VALUES("746","28","14","21","2","1","1684","2013-10-22 05:27:14","703");
INSERT INTO tbl_project_review VALUES("747","28","14","22","3","1","1684","2013-10-22 05:27:14","703");
INSERT INTO tbl_project_review VALUES("748","28","14","23","2","1","1684","2013-10-22 05:27:14","703");
INSERT INTO tbl_project_review VALUES("749","28","14","24","3","1","1684","2013-10-22 05:27:14","703");
INSERT INTO tbl_project_review VALUES("750","28","14","25","3","1","1684","2013-10-22 05:27:14","703");





CREATE TABLE `tbl_questionanswer` (
  `qaid` int(11) NOT NULL AUTO_INCREMENT,
  `qid` int(11) NOT NULL,
  `queid` int(11) NOT NULL,
  `checkitem` varchar(255) NOT NULL,
  `description` longtext NOT NULL,
  `uid` int(11) NOT NULL,
  `timestamp` varchar(255) NOT NULL,
  `superadminid` int(11) NOT NULL,
  PRIMARY KEY (`qaid`)
) ENGINE=InnoDB AUTO_INCREMENT=351 DEFAULT CHARSET=utf8;

INSERT INTO tbl_questionanswer VALUES("1","1","1","Materials or parts","Does the inventory or in-process inventory include and unneeded materials or parts?","703","2013-02-21 05:19:40","703");
INSERT INTO tbl_questionanswer VALUES("2","1","2","Machines or equipment","Are there any unused machines or other equipment around?","703","2013-02-21 05:19:40","703");
INSERT INTO tbl_questionanswer VALUES("3","1","3","Jigs, tools, or dies","Are there any unused jigs, tools, dies or similar items around?","703","2013-02-21 05:19:40","703");
INSERT INTO tbl_questionanswer VALUES("4","1","4","Visual control","Is it obvious which items have been marked as unnecessary?","703","2013-02-21 05:19:40","703");
INSERT INTO tbl_questionanswer VALUES("5","1","5","Written standards","Has establishing the 5Ss left behind any useless standard?","703","2013-02-21 05:19:40","703");
INSERT INTO tbl_questionanswer VALUES("6","1","6","Location Indicators","Are shelves and other storage areas marked with location indicators and addresses?","703","2013-02-21 05:19:40","703");
INSERT INTO tbl_questionanswer VALUES("7","1","7","Item Indicators","Do the shelves have signboards showing which items go where?","703","2013-02-21 05:19:40","703");
INSERT INTO tbl_questionanswer VALUES("8","1","8","Quantity Indicators","Are the maximum and minimum allowable quantities indicated?","703","2013-02-21 05:19:40","703");
INSERT INTO tbl_questionanswer VALUES("9","1","9","Demarcation of walkways and in-process inventory areas","Are white lines or other markers used to clearly indicate walkways and storage areas?","703","2013-02-21 05:19:40","703");
INSERT INTO tbl_questionanswer VALUES("10","1","10","Jigs and tools","Are jigs and tools arranged more rationally to facilitate picking them up and returning them?","703","2013-02-21 05:19:40","703");
INSERT INTO tbl_questionanswer VALUES("11","1","11","Floors","Are floors kept shiny clean and free of waste, water and oil?","703","2013-02-21 05:19:40","703");
INSERT INTO tbl_questionanswer VALUES("12","1","12","Machines","Are the machine wiped clean often and kept free of shavings, chips and oil?","703","2013-02-21 05:19:40","703");
INSERT INTO tbl_questionanswer VALUES("13","1","13","Cleaning and checking","Is equipment inspection combined with equipment maintenance?","703","2013-02-21 05:19:40","703");
INSERT INTO tbl_questionanswer VALUES("14","1","14","Cleaning responsibilities","Is there a person responsible for overseeing cleaning operations?","703","2013-02-21 05:19:40","703");
INSERT INTO tbl_questionanswer VALUES("15","1","15","Habitual cleanliness","Do operators habitually sweep floors, and wipe equipment without being told?","703","2013-02-21 05:19:40","703");
INSERT INTO tbl_questionanswer VALUES("16","1","16","Improvement memos","Are improvement memos regularly being generated?","703","2013-02-21 05:19:40","703");
INSERT INTO tbl_questionanswer VALUES("17","1","17","Improvement ideas","Are improvement ideas being acted on?","703","2013-02-21 05:19:40","703");
INSERT INTO tbl_questionanswer VALUES("18","1","18","Key procedures","Are standard procedures clear, documented and actively used?","703","2013-02-21 05:19:40","703");
INSERT INTO tbl_questionanswer VALUES("19","1","19","Improvement plan","Are the future standards being considered with a clear improvement plan for the area?","703","2013-02-21 05:19:40","703");
INSERT INTO tbl_questionanswer VALUES("20","1","20","The first 3 Ss","Are the first 3 Ss (sort, set locations and shine) being maintained?","703","2013-02-21 05:19:40","703");
INSERT INTO tbl_questionanswer VALUES("21","1","21","Training","Is everyone adequately trained in standard procedure?","703","","703");
INSERT INTO tbl_questionanswer VALUES("22","1","22","Tools and parts","Are tools and parts being stored correctly?","703","2013-02-21 05:19:40","703");
INSERT INTO tbl_questionanswer VALUES("23","1","23","Stock controls","Are stock controls being adhered to?","703","2013-02-21 05:19:40","703");
INSERT INTO tbl_questionanswer VALUES("24","1","24","Procedures","Are procedures up-to-date and regularly reviewed?","703","2013-02-21 05:19:40","703");
INSERT INTO tbl_questionanswer VALUES("25","1","25","Activity boards","Are activity boards up-to-date and regularly reviewed?","703","2013-02-21 05:19:40","703");
INSERT INTO tbl_questionanswer VALUES("26","2","1","Matriel ou pices","L\'inventaire ou l\'inventaire en cours incluent-ils des matriaux ou pices inutiles?","703","2013-02-21 05:19:40","703");
INSERT INTO tbl_questionanswer VALUES("27","2","2","Machine ou quipement","Y-a-t\'il des machines non utilises ou d\'autres quipementsqui trainent?","703","2013-02-21 05:19:40","703");
INSERT INTO tbl_questionanswer VALUES("28","2","3","Outils, Matrice ou gabarits","Y-a-t\'il des outils, matrices ou gabarits non utilises ou d\'autres quipementsqui trainent?","703","2013-02-21 05:19:40","703");
INSERT INTO tbl_questionanswer VALUES("29","2","4","Contrle visuel","Les objets marqus comme non ncessaires sont-ils mis en vidence?","703","2013-02-21 05:19:40","703");
INSERT INTO tbl_questionanswer VALUES("30","2","5","Normes rdactionnelles","La mise  jour des standards XXX rend elle les anciens standards inutiles?","703","2013-02-21 05:19:40","703");
INSERT INTO tbl_questionanswer VALUES("31","2","6","Indicateurs de positionnement","Les tagres et autres zones de stockages sont-ils marqus avec des indicateurs de zones et d\'adresses?","703","2013-02-21 05:19:40","703");
INSERT INTO tbl_questionanswer VALUES("32","2","7","Indicateurs d\' article","Les tagres ont-elles des panneaux qui indiquent l\'emplacement des objets?","703","2013-02-21 05:19:40","703");
INSERT INTO tbl_questionanswer VALUES("33","2","8","Indicateurs de quantit","Les quantits maximale et minimale permises sont-elles indiques?","703","2013-02-21 05:19:40","703");
INSERT INTO tbl_questionanswer VALUES("34","2","9","Dmarcateur des alles et des zones d\'inventaire en cours","Des lignes blanches ou d\'autres marques sont-elles clairement indiques pour les alles et les zones de stockages?","703","2013-02-21 05:19:40","703");
INSERT INTO tbl_questionanswer VALUES("35","2","10","Gabarits et outils","Les gabarits et outils sont-ils ranges de manire rationnelle pour faciliter leur ramassage et leur retour?","703","2013-02-21 05:19:40","703");
INSERT INTO tbl_questionanswer VALUES("36","2","11","Sols","Les sols sont-ils gardss propre et sans ordures, eau et huile?","703","2013-02-21 05:19:40","703");
INSERT INTO tbl_questionanswer VALUES("37","2","12","Machines","Les machines sont-elles nettoyes souvent et sans copeaux, poussires et huiles?","703","2013-02-21 05:19:40","703");
INSERT INTO tbl_questionanswer VALUES("38","2","13","Nettoyage et vrification","L\'inspection et la maintenance sont-elles faites ensemble?","703","2013-02-21 05:19:40","703");
INSERT INTO tbl_questionanswer VALUES("39","2","14","Responsabilits de nettoyage","Y-a-t\'il une personne responsable pour les oprations de nettoyage?","703","2013-02-21 05:19:40","703");
INSERT INTO tbl_questionanswer VALUES("40","2","15","Propret  habituelle","Les oprateurs brossent-ils rgulirement les sols et essuient-ils l\'quipement sans qu\'on leur demande? ","703","2013-02-21 05:19:40","703");
INSERT INTO tbl_questionanswer VALUES("41","2","16","Mmos d\'amlioration","Les mmos d\'amlioration sont-ils rgulirement gnrs?","703","2013-02-21 05:19:40","703");
INSERT INTO tbl_questionanswer VALUES("42","2","17","Ides d\'amlioration","Les ides d\'amlioration sont-elles souvent prises en compte?","703","2013-02-21 05:19:40","703");
INSERT INTO tbl_questionanswer VALUES("43","2","18","Procedures Cls","Les procedures standards sont-elles claires, documentes et souvent utilises?","703","2013-02-21 05:19:40","703");
INSERT INTO tbl_questionanswer VALUES("44","2","19","Plan d\'amlioration","Les futures standards sont-ils considrs avec un plan d\'amlioration prcis pour la zone?","703","2013-02-21 05:19:40","703");
INSERT INTO tbl_questionanswer VALUES("45","2","20","Les trois premires  secondes","Les trois S (sort  trier, set locations  dfinition d\'une zone, shine  polir ) sont-ils respects?","703","2013-02-21 05:19:40","703");
INSERT INTO tbl_questionanswer VALUES("46","2","21","Formation","Tout le monde est-il correctement entrain pour les procdures standards?","703","","703");
INSERT INTO tbl_questionanswer VALUES("47","2","22","Outils et pices dtaches","Les outils et les pices sont-ils correctement rangs?","703","2013-02-21 05:19:40","703");
INSERT INTO tbl_questionanswer VALUES("48","2","23","Contrle de stock","Les contrles de stock sont-ils respects?","703","2013-02-21 05:19:40","703");
INSERT INTO tbl_questionanswer VALUES("49","2","24","Procdures","Les procdures sont-elles mise  jour et rgulirement inspectes?","703","2013-02-21 05:19:40","703");
INSERT INTO tbl_questionanswer VALUES("50","2","25","Affichage d\'activit","L\'affichage des activits est-elle mise  jour et rgulirement inspecte","703","2013-02-21 05:19:40","703");
INSERT INTO tbl_questionanswer VALUES("51","3","1","Materiali o parti","L\'inventario o l\'inventario di lavorazione materiale include del materiale o delle parti non necessarie?","703","2013-02-21 05:19:40","703");
INSERT INTO tbl_questionanswer VALUES("52","3","2","Macchine o equipaggiamento","Sono presenti macchinari o altro equipaggiamento inutilizzati?","703","2013-02-21 05:19:40","703");
INSERT INTO tbl_questionanswer VALUES("53","3","3","Strutture di montaggio, attrezzi o matrici di stampa","Sono presenti strutture di montaggio, attrezzi o matrici di stampa inutilizzate in giro?","703","2013-02-21 05:19:40","703");
INSERT INTO tbl_questionanswer VALUES("54","3","4","Controllo visivo","E\' evidente quali oggetti sono stati identificati come non necessari?","703","2013-02-21 05:19:40","703");
INSERT INTO tbl_questionanswer VALUES("55","3","5","Standard scritti","L\'adozione dello standard 5S\' ha reso obsoleto ogni altro inutile standard?","703","2013-02-21 05:19:40","703");
INSERT INTO tbl_questionanswer VALUES("56","3","6","Indicatori di posizione","Gli scaffali e le altre aree di stoccaggio sono demarcate con indicatori di posizione e indirizzi?","703","2013-02-21 05:19:40","703");
INSERT INTO tbl_questionanswer VALUES("57","3","7","Indicatori Oggetto","Gli scaffali sono dotati di cartellini che mostrino dove deve andare ogni oggetto?","703","2013-02-21 05:19:40","703");
INSERT INTO tbl_questionanswer VALUES("58","3","8","Indicatori di Quantit","Sono indicate le quantit massime e minime consentite?","703","2013-02-21 05:19:40","703");
INSERT INTO tbl_questionanswer VALUES("59","3","9","Demarcazione di passatoi e di aree di inventario per materiale in lavorazione","Vengono utilizzate linee bianche o altri segni di demarcazione per indicare chiaramente passatoi e aree di stoccaggio?","703","2013-02-21 05:19:40","703");
INSERT INTO tbl_questionanswer VALUES("60","3","10","Strutture di montaggio e attrezzi","Strumenti e strutture di montaggio sono disposte in maniera pi razionale per facilitare il prendere e riporre tali attrezzi?","703","2013-02-21 05:19:40","703");
INSERT INTO tbl_questionanswer VALUES("61","3","11","Pavimenti","I pavimenti vengono mantenuti perfettamente puliti e liberi da rifiuti e olio?","703","2013-02-21 05:19:40","703");
INSERT INTO tbl_questionanswer VALUES("62","3","12","Macchinari","Le macchine vengono pulite spesso e liberate da residui, truciolame e olio?","703","2013-02-21 05:19:40","703");
INSERT INTO tbl_questionanswer VALUES("63","3","13","Pulizia e controllo","L\'ispezione dell\'equipaggiamento  combinata alla manutenzione dell\'equipaggiamento stesso?","703","2013-02-21 05:19:40","703");
INSERT INTO tbl_questionanswer VALUES("64","3","14","Responsabilit di pulizia","C\' una persona responsabile alla supervisione delle operazioni di pulizia?","703","2013-02-21 05:19:40","703");
INSERT INTO tbl_questionanswer VALUES("65","3","15","Pulizia abituale","Gli operatori puliscono con regolarit i pavimenti, e puliscono i macchinari senza che venga detto loro di farlo?","703","2013-02-21 05:19:40","703");
INSERT INTO tbl_questionanswer VALUES("66","3","16","Promemoria per il miglioramento","I promemoria per il miglioramento vengono realizzati con regolarit?","703","2013-02-21 05:19:40","703");
INSERT INTO tbl_questionanswer VALUES("67","3","17","Idee per il miglioramento","Le idee per il miglioramento vengono tenute in considerazione?","703","2013-02-21 05:19:40","703");
INSERT INTO tbl_questionanswer VALUES("68","3","18","Procedure chiave","Le procedure standard sono chiare, documentate e usate attivamente?","703","2013-02-21 05:19:40","703");
INSERT INTO tbl_questionanswer VALUES("69","3","19","Miglioramento piano","Gli standard futuri vengono considerati con un chiaro piano di miglioramento per l\'area?","703","2013-02-21 05:19:40","703");
INSERT INTO tbl_questionanswer VALUES("70","3","20","Le prime tre S","Vengono mantenute le tre S (sort, set locations and shine, ossia organizzare, posizionare e far brillare)?","703","2013-02-21 05:19:40","703");
INSERT INTO tbl_questionanswer VALUES("71","3","21","Addestramento","Sono stati tutti quanti adeguatamente istruiti riguardo alla procedura standard?","703","","703");
INSERT INTO tbl_questionanswer VALUES("72","3","22","Strumenti e parti","Attrezzi e parti vengono immagazzinati correttamente?","703","2013-02-21 05:19:40","703");
INSERT INTO tbl_questionanswer VALUES("73","3","23","Controllo Stock","Vengono rispettati i controlli di stock?","703","2013-02-21 05:19:40","703");
INSERT INTO tbl_questionanswer VALUES("74","3","24","Procedure","Le procedure sono aggiornate e revisionate regolarmente?","703","2013-02-21 05:19:40","703");
INSERT INTO tbl_questionanswer VALUES("75","3","25","Tabelle attivit","Le tabelle delle attivit sono aggiornate e revisionate regolarmente?","703","2013-02-21 05:19:40","703");
INSERT INTO tbl_questionanswer VALUES("76","4","1","Material eller delar","Innehller lagret eller lager som ni arbetar med ondiga material eller delar?","703","2013-02-21 05:19:40","703");
INSERT INTO tbl_questionanswer VALUES("77","4","2","Maskiner eller utrustning","r det ngra oanvnda maskiner eller andra redskap tillgngliga?","703","2013-02-21 05:19:40","703");
INSERT INTO tbl_questionanswer VALUES("78","4","3","Jigg, verktyg, eller stmplar","Finns det ngra oanvnda jiggs, verktyg, stmplar eller liknande artiklar omkring?","703","2013-02-21 05:19:40","703");
INSERT INTO tbl_questionanswer VALUES("79","4","4","Visuell kontroll","r det uppenbart vilken artikel som har mrkts som ondig?","703","2013-02-21 05:19:40","703");
INSERT INTO tbl_questionanswer VALUES("80","4","5","Skriftliga standarder","Har inrttandet av 5S\'s lmnat kvar ngra vrdelsa standarder?","703","2013-02-21 05:19:40","703");
INSERT INTO tbl_questionanswer VALUES("81","4","6","Platsvisare","r hyllor och andra lagringsutrymmen markerade med plats- och adressvisare?","703","2013-02-21 05:19:40","703");
INSERT INTO tbl_questionanswer VALUES("82","4","7","Sakmtare","Har hyllorna skyltar som visar vart artiklarna skall vara?","703","2013-02-21 05:19:40","703");
INSERT INTO tbl_questionanswer VALUES("83","4","8","Kvantitetsrknare","Finns det minimalt och maximalt artiklar angivet?","703","2013-02-21 05:19:40","703");
INSERT INTO tbl_questionanswer VALUES("84","4","9","Avgrnsning av gngbanor och omrden under inventering","r vita linjer eller andra markrer i anvndning fr att visa gngbanor och lagringsutrymmen?","703","2013-02-21 05:19:40","703");
INSERT INTO tbl_questionanswer VALUES("85","4","10","Jigg och verktyg","r jiggs och verktyg arrangerade mer rationellt fr att plocka upp och returnera dem?","703","2013-02-21 05:19:40","703");
INSERT INTO tbl_questionanswer VALUES("86","4","11","Golv","r golv skinande rena och fria frn avfall, vatten och olja?","703","2013-02-21 05:19:40","703");
INSERT INTO tbl_questionanswer VALUES("87","4","12","Maskiner","r maskinerna rengjorda regelbundet och fria frn spn, flis och olja?","703","2013-02-21 05:19:40","703");
INSERT INTO tbl_questionanswer VALUES("88","4","13","Rengring och kontroll","r verktygsinspektion kombinerat med verktygsunderhll?","703","2013-02-21 05:19:40","703");
INSERT INTO tbl_questionanswer VALUES("89","4","14","Ansvar fr rengring","Finns det en person som ansvarar fr rengringsoperationer?","703","2013-02-21 05:19:40","703");
INSERT INTO tbl_questionanswer VALUES("90","4","15","Livsmiljrengring","Rengr operatrer golv och maskiner utan att bli tillsagda?","703","2013-02-21 05:19:40","703");
INSERT INTO tbl_questionanswer VALUES("91","4","16","FrbttringsPMs","Kommer det regelbundet frbttrings PMs?","703","2013-02-21 05:19:40","703");
INSERT INTO tbl_questionanswer VALUES("92","4","17","Frbttringsider","r frbttringsider diskuterade?","703","2013-02-21 05:19:40","703");
INSERT INTO tbl_questionanswer VALUES("93","4","18","Huvudrutiner","r standard procedurer frstdda, dokumenterade och aktivt i anvndning?","703","2013-02-21 05:19:40","703");
INSERT INTO tbl_questionanswer VALUES("94","4","19","Frbttringsplan","Finns det framtida standarder tillgngliga med en klar frbttringsplan fr omrdet?","703","2013-02-21 05:19:40","703");
INSERT INTO tbl_questionanswer VALUES("95","4","20","De frsta 3 S:ena","r de 3:sen(sort=sortering, set locations=placering och shine= skinande rent) upprtthllna?","703","2013-02-21 05:19:40","703");
INSERT INTO tbl_questionanswer VALUES("96","4","21","Trning","r alla utbildade tillrckligt i standard procedurer?","703","","703");
INSERT INTO tbl_questionanswer VALUES("97","4","22","Verktyg och delar","r verktyg och delar lagrade p rtt stt?","703","2013-02-21 05:19:40","703");
INSERT INTO tbl_questionanswer VALUES("98","4","23","Frrdskontroll","Fljs lagerkontroller?","703","2013-02-21 05:19:40","703");
INSERT INTO tbl_questionanswer VALUES("99","4","24","Tillvgagngsstt","r procedurer nydaterade och regelbundet granskade?","703","2013-02-21 05:19:40","703");
INSERT INTO tbl_questionanswer VALUES("100","4","25","Aktivitetsstyrelser","r aktivitetsstyrelser nydaterade och regelbundet granskade?","703","2013-02-21 05:19:40","703");
INSERT INTO tbl_questionanswer VALUES("101","5","1","Materialer eller dele","Inkluderer inventaret eller lagerinventaret undvendige materiale eller dele?","703","2013-02-21 05:19:40","703");
INSERT INTO tbl_questionanswer VALUES("102","5","2","Maskiner eller udstyr","Er der nogle ubrugte maskiner eller anden udstyr tilgngelig?","703","2013-02-21 05:19:40","703");
INSERT INTO tbl_questionanswer VALUES("103","5","3","Skabeloner, Vrktjer og Gevindskrerer","Er der nogle ubrugte skabeloner, vrktjer, gevindskrerer eller lignende ting tilgngelige?","703","2013-02-21 05:19:40","703");
INSERT INTO tbl_questionanswer VALUES("104","5","4","Visuel Kontrol","Er det indlysende, hvilke ting der er markeret som ubrugelige?","703","2013-02-21 05:19:40","703");
INSERT INTO tbl_questionanswer VALUES("105","5","5","Skriftlige stanarder","Har etableringen af  5S\'s efterladt en ubrugelig standard?","703","2013-02-21 05:19:40","703");
INSERT INTO tbl_questionanswer VALUES("106","5","6","Lokation indikator","Er der hylder og anden opbevaringsomrder markeret med lokations indikatorer og adresser?","703","2013-02-21 05:19:40","703");
INSERT INTO tbl_questionanswer VALUES("107","5","7","Ting indikator","Har hylderne symboltavler der indikerer hvilke ting passer hvor?","703","2013-02-21 05:19:40","703");
INSERT INTO tbl_questionanswer VALUES("108","5","8","Kvantitets indikatorer","Er der et maksimum og minimum tilladt kvantitet indikeret?","703","2013-02-21 05:19:40","703");
INSERT INTO tbl_questionanswer VALUES("109","5","9","Afgrnsning af gangomrder og vareindleverings omrder","Er hvide linjer og andre mrkater brugt til klart at indikere gangomrder og lageromrder?","703","2013-02-21 05:19:40","703");
INSERT INTO tbl_questionanswer VALUES("110","5","10","Skabeloner og vrktjer","Er skabeloner og vrktjer arrangeret rationelt i forhold til faciliteringen af afhentning og returnering af dem?","703","2013-02-21 05:19:40","703");
INSERT INTO tbl_questionanswer VALUES("111","5","11","Gulv","Er gulv holdt skindende rene og fri for skidt, vand og olie?","703","2013-02-21 05:19:40","703");
INSERT INTO tbl_questionanswer VALUES("112","5","12","Maskiner eller udstyr","Er maskinen holdt ren for spner, flis og olie ofte?","703","2013-02-21 05:19:40","703");
INSERT INTO tbl_questionanswer VALUES("113","5","13","Rengring og undersgelse","Er udstyrs inspektion kombineret med udstyrsvedligeholdelse?","703","2013-02-21 05:19:40","703");
INSERT INTO tbl_questionanswer VALUES("114","5","14","Rengringsansvar","Er der en person med ansvar for tilsyn med rengringsopgaver?","703","2013-02-21 05:19:40","703");
INSERT INTO tbl_questionanswer VALUES("115","5","15","Vanlig rengring","Gr behandlere gulvet rent og pudser udstyret uden at blive bedt om det?","703","2013-02-21 05:19:40","703");
INSERT INTO tbl_questionanswer VALUES("116","5","16","Forbedring memoer","Bliver et forbedrelsespapir udarbejdet ofte?","703","2013-02-21 05:19:40","703");
INSERT INTO tbl_questionanswer VALUES("117","5","17","Forbedring ideer","Bliver forbedringsideer prvet?","703","2013-02-21 05:19:40","703");
INSERT INTO tbl_questionanswer VALUES("118","5","18","Ngleprocedurer","Er standard procedurer klare, dokumenteret og brugt hyppigt?","703","2013-02-21 05:19:40","703");
INSERT INTO tbl_questionanswer VALUES("119","5","19","Forbedringsplan","Bliver fremtidige standarder overvejet med en klar forbedringsplan for omrdet?","703","2013-02-21 05:19:40","703");
INSERT INTO tbl_questionanswer VALUES("120","5","20","De frste 3 S\'er","Er de frste tre S\'er (sorter, st omrder, skindende) vedligeholdt?","703","2013-02-21 05:19:40","703");
INSERT INTO tbl_questionanswer VALUES("121","5","21","Trning","Er alle tilfredsstillende trnet i standard procedurer?","703","","703");
INSERT INTO tbl_questionanswer VALUES("122","5","22","Vrktjer og dele","Bliver vrktjer opbevaret korrekt?","703","2013-02-21 05:19:40","703");
INSERT INTO tbl_questionanswer VALUES("123","5","23","Lagerkontrol","Bliver lagerkontrollerne efterfulgt?","703","2013-02-21 05:19:40","703");
INSERT INTO tbl_questionanswer VALUES("124","5","24","Procedurer","Er procedurerne nutidige og genovervejet ofte?","703","2013-02-21 05:19:40","703");
INSERT INTO tbl_questionanswer VALUES("125","5","25","Aktivitets tavle","Er aktivitetstavlen nutidige og ofte genovervejet?","703","2013-02-21 05:19:40","703");
INSERT INTO tbl_questionanswer VALUES("126","6","1","Material oder Teile","Der Warenbestandoder im Einsatz befindliche Gertschaften schlieen nicht bentigte Materialien oder Teile33 ein? ","703","2013-02-21 05:19:40","703");
INSERT INTO tbl_questionanswer VALUES("127","6","2","Maschienen oder Zubehr","Sind dort irgendwelche nicht bentigten Maschinen oder Materialien im Einsatz?","703","2013-02-21 05:19:40","703");
INSERT INTO tbl_questionanswer VALUES("128","6","3","Bohrvorrichtungen, Werkzeuge, oder Andere","Sind dort unbentzte Bohrvorrichtungen, Werkzeuge, oder hnliche Materialien im Einsatz?","703","2013-02-21 05:19:40","703");
INSERT INTO tbl_questionanswer VALUES("129","6","4","Visuelle Kontrolle","Ist es offensichtlich welche Materialien als unntig gekennzeichnet sind?","703","2013-02-21 05:19:40","703");
INSERT INTO tbl_questionanswer VALUES("130","6","5","Schriftliche Normen","Bleibt beim erstellen des 5S\' irgend ein Standart zurck?","703","2013-02-21 05:19:40","703");
INSERT INTO tbl_questionanswer VALUES("131","6","6","Positionsbestimmung","Wurden Bereiche und Lagerorte mit Positionshinweisen und Adressen gekennzeichnet?","703","2013-02-21 05:19:40","703");
INSERT INTO tbl_questionanswer VALUES("132","6","7","Materialkennzeichnung","Wurden die Regale entsprechend mit Versandhinweisen gekennzeichnet?","703","2013-02-21 05:19:40","703");
INSERT INTO tbl_questionanswer VALUES("133","6","8","Mengenindikatoren","Sind die maximalen und minimalen zulssigen Mengen angezeigt?","703","2013-02-21 05:19:40","703");
INSERT INTO tbl_questionanswer VALUES("134","6","9","Abgrenzung vonprozessbegintem \"In Betrieb\" und \"Warenbestand\"","Wurden Linien oder andere Kemnnzeichnungen  verwendet, um Laufwegen und Lagerorte anzuzeigen?","703","2013-02-21 05:19:40","703");
INSERT INTO tbl_questionanswer VALUES("135","6","10","Bohrvorrichtungen und Werkzeuge","Wurden Bohrvorrichtungen und Werkzeuge ordnungsgem eingeordnet, um die Annahme und das Zurckbringen zu erleichtern?","703","2013-02-21 05:19:40","703");
INSERT INTO tbl_questionanswer VALUES("136","6","11","Bden","Sind die Bden sauber, frei von Schmutz, Wasser und l?","703","2013-02-21 05:19:40","703");
INSERT INTO tbl_questionanswer VALUES("137","6","12","Maschinen","Wurden die Maschinen gesubert und sind diese frei von Materialspnne und l?","703","2013-02-21 05:19:40","703");
INSERT INTO tbl_questionanswer VALUES("138","6","13","Reiningen und testen","Wrde die Kontrolle mit einer Wartung verbuden?","703","2013-02-21 05:19:40","703");
INSERT INTO tbl_questionanswer VALUES("139","6","14","Reinigungsanforderung","Gibt es eine Person, die dafr verantwortlich ist, Reinigungsvorgnge zu beaufsichtigen?","703","2013-02-21 05:19:40","703");
INSERT INTO tbl_questionanswer VALUES("140","6","15","Gewhnlicher Reiningungszustand","Reinigen die Maschinenfhrer eigenverantwortlich und ohne Aufforderung die Machinen und Bden?","703","2013-02-21 05:19:40","703");
INSERT INTO tbl_questionanswer VALUES("141","6","16","Protokolle","Werden regelmig Verbessungsvorschlge unterbreitet?","703","2013-02-21 05:19:40","703");
INSERT INTO tbl_questionanswer VALUES("142","6","17","Ideen","Folgen Verbesserungsvorschlge?","703","2013-02-21 05:19:40","703");
INSERT INTO tbl_questionanswer VALUES("143","6","18","Wichtige Verfahren","Sind Standardverfahren verstndlich, dokumentiert und werden diese angewandt?","703","2013-02-21 05:19:40","703");
INSERT INTO tbl_questionanswer VALUES("144","6","19","Plne","Fanden Verbesserungsvorschlge fr zuknftige Standards in dessen Gebiet beachtung?","703","2013-02-21 05:19:40","703");
INSERT INTO tbl_questionanswer VALUES("145","6","20","Die ersten 3 Sekunden","Wurden die 3s eingehalten?","703","2013-02-21 05:19:40","703");
INSERT INTO tbl_questionanswer VALUES("146","6","21","Training","Wurde jeder ordnungsgem in die Standartverfahren eingewiesen?","703","","703");
INSERT INTO tbl_questionanswer VALUES("147","6","22","Werkzeuge und Teile","Wurden Werkzeuge und Teile ordnungsgem eingelagert?","703","2013-02-21 05:19:40","703");
INSERT INTO tbl_questionanswer VALUES("148","6","23","Warenbestandskontrolle","Wurden Lagerkontrollen eingehalten?","703","2013-02-21 05:19:40","703");
INSERT INTO tbl_questionanswer VALUES("149","6","24","Abwicklung","Sind die Verfahren aktuell und ordnungsgem kontrolliert?","703","2013-02-21 05:19:40","703");
INSERT INTO tbl_questionanswer VALUES("150","6","25","Aufgaben, Ttigkeiten","Sind die Lauflisten aktuell und ordnungsgem kontrolliert?","703","2013-02-21 05:19:40","703");
INSERT INTO tbl_questionanswer VALUES("151","7","1","Materiais ou peas","O inventrio ou o inventrio em progresso inclui os materiais ou peas desnecessrias?","703","2013-02-21 05:19:40","703");
INSERT INTO tbl_questionanswer VALUES("152","7","2","Mquinas ou equipamentos","H algumas mquinas ou outros equipamentos desnecessrios por a?","703","2013-02-21 05:19:40","703");
INSERT INTO tbl_questionanswer VALUES("153","7","3","Utenslios, ferramentas ou matrizes","H alguns utenslios, ferramentas, matrizes ou itens similares desnecessrios por ai?","703","2013-02-21 05:19:40","703");
INSERT INTO tbl_questionanswer VALUES("154","7","4","Controlo Visual"," obvio qual o objeto que foi definido como desnecessrio?","703","2013-02-21 05:19:40","703");
INSERT INTO tbl_questionanswer VALUES("155","7","5","Normas escritas","Estabeleceu que o 5S\'s deixou para trs algum padro desnecessrio?","703","2013-02-21 05:19:40","703");
INSERT INTO tbl_questionanswer VALUES("156","7","6","Indicadores de localizao","As prateleiras e outros locais de armazenamento esto marcados com indicadores de localizao e moradas?","703","2013-02-21 05:19:40","703");
INSERT INTO tbl_questionanswer VALUES("157","7","7","Indicadores de Item","As prateleiras tm placas com a indicao de que item contm?","703","2013-02-21 05:19:40","703");
INSERT INTO tbl_questionanswer VALUES("158","7","8","Indicadores de Quantidade","As quantidades mximas e mnimas permitidas esto indicadas?","703","2013-02-21 05:19:40","703");
INSERT INTO tbl_questionanswer VALUES("159","7","9","Demarcao de caminhos e reas em processo de inventrio","H linhas brancas ou outras marcas a serem usadas para indicar claramente o caminho e as reas de armazenamento?","703","2013-02-21 05:19:40","703");
INSERT INTO tbl_questionanswer VALUES("160","7","10","Utenslios e ferramentas","Os utenslios e as ferramentas esto organizados de forma racional para facilitar a sua recolha e devoluo?","703","2013-02-21 05:19:40","703");
INSERT INTO tbl_questionanswer VALUES("161","7","11","Chos","O cho  mantido limpo e livre de lixo, gua e leo?","703","2013-02-21 05:19:40","703");
INSERT INTO tbl_questionanswer VALUES("162","7","12","Mquinas","As mquinas so limpas com frequncia e mantidas sem aparas, impurezas e leo?","703","2013-02-21 05:19:40","703");
INSERT INTO tbl_questionanswer VALUES("163","7","13","Limpando e verificando","A inspeo de equipamentos  combinada com a manuteno dos equipamentos?","703","2013-02-21 05:19:40","703");
INSERT INTO tbl_questionanswer VALUES("164","7","14","Responsabilidades de limpeza","H uma pessoa responsvel por supervisionar as operaes de limpeza?","703","2013-02-21 05:19:40","703");
INSERT INTO tbl_questionanswer VALUES("165","7","15","Limpeza habitual","Os operadores costumam limpar o cho e os equipamentos sem ser necessrio dar-lhes ordens nesse sentido?","703","2013-02-21 05:19:40","703");
INSERT INTO tbl_questionanswer VALUES("166","7","16","Memorandos de melhoras","Os memorandos de melhorias esto a ser feitos com regularidade?","703","2013-02-21 05:19:40","703");
INSERT INTO tbl_questionanswer VALUES("167","7","17","Ideias de melhorias","As ideias de melhorias esto a ser postas em prtica?","703","2013-02-21 05:19:40","703");
INSERT INTO tbl_questionanswer VALUES("168","7","18","Procedimentos principais","As normas de procedimentos so claras, documentadas e utilizadas ativamente?","703","2013-02-21 05:19:40","703");
INSERT INTO tbl_questionanswer VALUES("169","7","19","Plano de melhoria","As futuras normas esto a ser consideradas com um plano bvio de melhoria para a rea?","703","2013-02-21 05:19:40","703");
INSERT INTO tbl_questionanswer VALUES("170","7","20","Os primeiros 3 Ss","Os primeiros 3 Ss (sort, set locations e shine  ordenar, definir o local e brilhar) esto a ser mantidos?","703","2013-02-21 05:19:40","703");
INSERT INTO tbl_questionanswer VALUES("171","7","21","Treino","Todas as pessoas tm a devida formao dos standards de procedimentos?","703","","703");
INSERT INTO tbl_questionanswer VALUES("172","7","22","Ferramentas e peas","As ferramentas e as peas esto a ser devidamente armazenadas?","703","2013-02-21 05:19:40","703");
INSERT INTO tbl_questionanswer VALUES("173","7","23","Controlo de stocks","Os controlos de stock tambm esto a ser cumpridos?","703","2013-02-21 05:19:40","703");
INSERT INTO tbl_questionanswer VALUES("174","7","24","Procedimentos","Os procedimentos esto atualizados e so revistos regularmente?","703","2013-02-21 05:19:40","703");
INSERT INTO tbl_questionanswer VALUES("175","7","25","Quadros de atividades ","Os quadros de atividades esto atualizados e so revistos\n regularmente?","703","2013-02-21 05:19:40","703");
INSERT INTO tbl_questionanswer VALUES("176","8","1","Materiales o piezas","Incluye el inventario vigente o en proceso algn material o parte innecesaria?","703","2013-02-21 05:19:40","703");
INSERT INTO tbl_questionanswer VALUES("177","8","2","Mquinas o equipos","Existe alguna mquina u otro equipo sin utilizar alrededor?","703","2013-02-21 05:19:40","703");
INSERT INTO tbl_questionanswer VALUES("178","8","3","Plantillas, herramientas o moldes","Existe alguna plantilla, herramienta, molde o artculo similar sin utilizar alrededor?","703","2013-02-21 05:19:40","703");
INSERT INTO tbl_questionanswer VALUES("179","8","4","Control visual","Es evidente cules artculos han sido marcados como innecesarios?","703","2013-02-21 05:19:40","703");
INSERT INTO tbl_questionanswer VALUES("180","8","5","Normas escritas","Ha dejado el establecimiento de 5S\'s alguna norma inefectiva?","703","2013-02-21 05:19:40","703");
INSERT INTO tbl_questionanswer VALUES("181","8","6","Indicadores de lugar","Estn marcados los estantes y otras reas de almacenamiento con indicadores de lugar y direccin?","703","2013-02-21 05:19:40","703");
INSERT INTO tbl_questionanswer VALUES("182","8","7","Indicadores de artculos","Tienen los estantes algn letrero mostrando cules artculos van dnde?","703","2013-02-21 05:19:40","703");
INSERT INTO tbl_questionanswer VALUES("183","8","8","Indicadores de cantidad","Estn indicadas las cantidades mximas y mnimas admisibles?","703","2013-02-21 05:19:40","703");
INSERT INTO tbl_questionanswer VALUES("184","8","9","Demarcacin de pasillos y reas de inventarios en proceso","Se han utilizado lneas blancas u otros marcadores para indicar claramente los pasillos y reas de almacenamiento?","703","2013-02-21 05:19:40","703");
INSERT INTO tbl_questionanswer VALUES("185","8","10","Plantillas y herramientas","Estn las plantillas y herramientas dispuestas de forma ms racional para facilitar su recogida y devolucin?","703","2013-02-21 05:19:40","703");
INSERT INTO tbl_questionanswer VALUES("186","8","11","Pisos","Se mantienen los pisos completamente limpios y libres de residuos, agua y aceite?","703","2013-02-21 05:19:40","703");
INSERT INTO tbl_questionanswer VALUES("187","8","12","Mquinas","Es limpiada la mquina con frecuencia y mantenida libre de virutas, astillas y aceite?","703","2013-02-21 05:19:40","703");
INSERT INTO tbl_questionanswer VALUES("188","8","13","Limpieza y verificacin","Se combina la inspeccin de los equipos con el mantenimiento de los mismos?","703","2013-02-21 05:19:40","703");
INSERT INTO tbl_questionanswer VALUES("189","8","14","Responsabilidades de limpieza","Existe una persona responsable de supervisar las operaciones de limpieza?","703","2013-02-21 05:19:40","703");
INSERT INTO tbl_questionanswer VALUES("190","8","15","Limpieza habitual","Barren los operadores habitualmente los pisos y limpian los equipos sin que se les diga?","703","2013-02-21 05:19:40","703");
INSERT INTO tbl_questionanswer VALUES("191","8","16","Notas de mejoramiento","Se generan regularmente las notas de mejoramiento?","703","2013-02-21 05:19:40","703");
INSERT INTO tbl_questionanswer VALUES("192","8","17","Ideas de mejoramiento","Son llevadas a efecto las ideas de mejoramiento?","703","2013-02-21 05:19:40","703");
INSERT INTO tbl_questionanswer VALUES("193","8","18","Procedimientos clave","Son los procedimientos estndar claros, documentados y utilizados activamente?","703","2013-02-21 05:19:40","703");
INSERT INTO tbl_questionanswer VALUES("194","8","19","Plan de mejoramiento","Estn siendo consideradas las futuras normas con un plan de mejoramiento claro para el rea?","703","2013-02-21 05:19:40","703");
INSERT INTO tbl_questionanswer VALUES("195","8","20","Las primeras 3 Ss","Estn siendo mantenidas las primeras 3 Ss (ordenar, establecer ubicaciones y hacer brillar)?","703","2013-02-21 05:19:40","703");
INSERT INTO tbl_questionanswer VALUES("196","8","21","Capacitacin","Estn todos adecuadamente capacitados en el procedimiento estndar?","703","","703");
INSERT INTO tbl_questionanswer VALUES("197","8","22","Herramientas y partes","Las herramientas y piezas se almacenan correctamente?","703","2013-02-21 05:19:40","703");
INSERT INTO tbl_questionanswer VALUES("198","8","23","Controles de exist\nencias","Se han observado los controles de las existencias?","703","2013-02-21 05:19:40","703");
INSERT INTO tbl_questionanswer VALUES("199","8","24","Procedimientos","Estn los procedimientos actualizados y con revisin peridica?","703","2013-02-21 05:19:40","703");
INSERT INTO tbl_questionanswer VALUES("200","8","25","Tablas de actividad","Estn las tablas de actividad actualizadas y con revisin peridica?","703","2013-02-21 05:19:40","703");
INSERT INTO tbl_questionanswer VALUES("201","9","1","  ","               ?","703","2013-02-21 05:19:40","703");
INSERT INTO tbl_questionanswer VALUES("202","9","2","  ","      , ?","703","2013-02-21 05:19:40","703");
INSERT INTO tbl_questionanswer VALUES("203","9","3",",   ","   , ,     ?","703","2013-02-21 05:19:40","703");
INSERT INTO tbl_questionanswer VALUES("204","9","4"," "," ,      ?","703","2013-02-21 05:19:40","703");
INSERT INTO tbl_questionanswer VALUES("205","9","5"," ","  5SA       ?","703","2013-02-21 05:19:40","703");
INSERT INTO tbl_questionanswer VALUES("206","9","6"," ","    ,     ?","703","2013-02-21 05:19:40","703");
INSERT INTO tbl_questionanswer VALUES("207","9","7"," ","  , ,   ?","703","2013-02-21 05:19:40","703");
INSERT INTO tbl_questionanswer VALUES("208","9","8"," ","     ?","703","2013-02-21 05:19:40","703");
INSERT INTO tbl_questionanswer VALUES("209","9","9","      ","        ,    ?","703","2013-02-21 05:19:40","703");
INSERT INTO tbl_questionanswer VALUES("210","9","10","  ","            ?","703","2013-02-21 05:19:40","703");
INSERT INTO tbl_questionanswer VALUES("211","9","11","","        ,   ?","703","2013-02-21 05:19:40","703");
INSERT INTO tbl_questionanswer VALUES("212","9","12","","         ,   ?","703","2013-02-21 05:19:40","703");
INSERT INTO tbl_questionanswer VALUES("213","9","13","  ","       ?","703","2013-02-21 05:19:40","703");
INSERT INTO tbl_questionanswer VALUES("214","9","14"," ","  ,      ?","703","2013-02-21 05:19:40","703");
INSERT INTO tbl_questionanswer VALUES("215","9","15"," ","         ?","703","2013-02-21 05:19:40","703");
INSERT INTO tbl_questionanswer VALUES("216","9","16"," ","    ?","703","2013-02-21 05:19:40","703");
INSERT INTO tbl_questionanswer VALUES("217","9","17"," ","  ,  ?","703","2013-02-21 05:19:40","703");
INSERT INTO tbl_questionanswer VALUES("218","9","18"," ","   ,    ?","703","2013-02-21 05:19:40","703");
INSERT INTO tbl_questionanswer VALUES("219","9","19"," ","         ?","703","2013-02-21 05:19:40","703");
INSERT INTO tbl_questionanswer VALUES("220","9","20"," 3 Ss"," 3 SS (,    ) ?","703","2013-02-21 05:19:40","703");
INSERT INTO tbl_questionanswer VALUES("221","9","21","","        ?","703","","703");
INSERT INTO tbl_questionanswer VALUES("222","9","22","  ","     ?","703","2013-02-21 05:19:40","703");
INSERT INTO tbl_questionanswer VALUES("223","9","23"," ","   ?","703","2013-02-21 05:19:40","703");
INSERT INTO tbl_questionanswer VALUES("224","9","24","","  ,     ?","703","2013-02-21 05:19:40","703");
INSERT INTO tbl_questionanswer VALUES("225","9","25"," ","       ?","703","2013-02-21 05:19:40","703");
INSERT INTO tbl_questionanswer VALUES("226","10","1","","","703","2013-02-21 05:19:40","703");
INSERT INTO tbl_questionanswer VALUES("227","10","2","","","703","2013-02-21 05:19:40","703");
INSERT INTO tbl_questionanswer VALUES("228","10","3","","","703","2013-02-21 05:19:40","703");
INSERT INTO tbl_questionanswer VALUES("229","10","4","","","703","2013-02-21 05:19:40","703");
INSERT INTO tbl_questionanswer VALUES("230","10","5","","5SA","703","2013-02-21 05:19:40","703");
INSERT INTO tbl_questionanswer VALUES("231","10","6","","","703","2013-02-21 05:19:40","703");
INSERT INTO tbl_questionanswer VALUES("232","10","7","","","703","2013-02-21 05:19:40","703");
INSERT INTO tbl_questionanswer VALUES("233","10","8","","","703","2013-02-21 05:19:40","703");
INSERT INTO tbl_questionanswer VALUES("234","10","9","","","703","2013-02-21 05:19:40","703");
INSERT INTO tbl_questionanswer VALUES("235","10","10","","","703","2013-02-21 05:19:40","703");
INSERT INTO tbl_questionanswer VALUES("236","10","11","","","703","2013-02-21 05:19:40","703");
INSERT INTO tbl_questionanswer VALUES("237","10","12","","","703","2013-02-21 05:19:40","703");
INSERT INTO tbl_questionanswer VALUES("238","10","13","","","703","2013-02-21 05:19:40","703");
INSERT INTO tbl_questionanswer VALUES("239","10","14","","","703","2013-02-21 05:19:40","703");
INSERT INTO tbl_questionanswer VALUES("240","10","15","","","703","2013-02-21 05:19:40","703");
INSERT INTO tbl_questionanswer VALUES("241","10","16","","","703","2013-02-21 05:19:40","703");
INSERT INTO tbl_questionanswer VALUES("242","10","17","","","703","2013-02-21 05:19:40","703");
INSERT INTO tbl_questionanswer VALUES("243","10","18","","","703","2013-02-21 05:19:40","703");
INSERT INTO tbl_questionanswer VALUES("244","10","19","","","703","2013-02-21 05:19:40","703");
INSERT INTO tbl_questionanswer VALUES("245","10","20","3SS","3 SS","703","2013-02-21 05:19:40","703");
INSERT INTO tbl_questionanswer VALUES("246","10","21","","","703","","703");
INSERT INTO tbl_questionanswer VALUES("247","10","22","","","703","2013-02-21 05:19:40","703");
INSERT INTO tbl_questionanswer VALUES("248","10","23","","","703","2013-02-21 05:19:40","703");
INSERT INTO tbl_questionanswer VALUES("249","10","24","","","703","2013-02-21 05:19:40","703");
INSERT INTO tbl_questionanswer VALUES("250","10","25","","","703","2013-02-21 05:19:40","703");
INSERT INTO tbl_questionanswer VALUES("251","11","1","  ","             ;","703","2013-02-21 05:19:40","703");
INSERT INTO tbl_questionanswer VALUES("252","11","2","  ","       ;","703","2013-02-21 05:19:40","703");
INSERT INTO tbl_questionanswer VALUES("253","11","3",",   ","  ,      ;","703","2013-02-21 05:19:40","703");
INSERT INTO tbl_questionanswer VALUES("254","11","4"," ","       ;","703","2013-02-21 05:19:40","703");
INSERT INTO tbl_questionanswer VALUES("255","11","5"," ","  5Ss      ;","703","2013-02-21 05:19:40","703");
INSERT INTO tbl_questionanswer VALUES("256","11","6"," ","             ;","703","2013-02-21 05:19:40","703");
INSERT INTO tbl_questionanswer VALUES("257","11","7"," ","          ;","703","2013-02-21 05:19:40","703");
INSERT INTO tbl_questionanswer VALUES("258","11","8"," ","       ;","703","2013-02-21 05:19:40","703");
INSERT INTO tbl_questionanswer VALUES("259","11","9","         ","                 ;","703","2013-02-21 05:19:40","703");
INSERT INTO tbl_questionanswer VALUES("260","11","10","  ","                    ;","703","2013-02-21 05:19:40","703");
INSERT INTO tbl_questionanswer VALUES("261","11","11","","      ,   ;","703","2013-02-21 05:19:40","703");
INSERT INTO tbl_questionanswer VALUES("262","11","12","","       ,   ;","703","2013-02-21 05:19:40","703");
INSERT INTO tbl_questionanswer VALUES("263","11","13","  ","         ;","703","2013-02-21 05:19:40","703");
INSERT INTO tbl_questionanswer VALUES("264","11","14"," ","          ;","703","2013-02-21 05:19:40","703");
INSERT INTO tbl_questionanswer VALUES("265","11","15"," ","               ;","703","2013-02-21 05:19:40","703");
INSERT INTO tbl_questionanswer VALUES("266","11","16","  ","   ;","703","2013-02-21 05:19:40","703");
INSERT INTO tbl_questionanswer VALUES("267","11","17","  ","   ;","703","2013-02-21 05:19:40","703");
INSERT INTO tbl_questionanswer VALUES("268","11","18"," ","    ,    ;","703","2013-02-21 05:19:40","703");
INSERT INTO tbl_questionanswer VALUES("269","11","19"," ","            ;","703","2013-02-21 05:19:40","703");
INSERT INTO tbl_questionanswer VALUES("270","11","20","  3 Ss","   Ss (,    ) ;","703","2013-02-21 05:19:40","703");
INSERT INTO tbl_questionanswer VALUES("271","11","21","","       ;","703","","703");
INSERT INTO tbl_questionanswer VALUES("272","11","22","  ","      ;","703","2013-02-21 05:19:40","703");
INSERT INTO tbl_questionanswer VALUES("273","11","23","  ","    ;","703","2013-02-21 05:19:40","703");
INSERT INTO tbl_questionanswer VALUES("274","11","24"," ","      ;","703","2013-02-21 05:19:40","703");
INSERT INTO tbl_questionanswer VALUES("275","11","25"," ","       ;","703","2013-02-21 05:19:40","703");
INSERT INTO tbl_questionanswer VALUES("276","12","1","","","703","2013-02-21 05:19:40","703");
INSERT INTO tbl_questionanswer VALUES("277","12","2","","","703","2013-02-21 05:19:40","703");
INSERT INTO tbl_questionanswer VALUES("278","12","3","","","703","2013-02-21 05:19:40","703");
INSERT INTO tbl_questionanswer VALUES("279","12","4","","","703","2013-02-21 05:19:40","703");
INSERT INTO tbl_questionanswer VALUES("280","12","5","","5Ss","703","2013-02-21 05:19:40","703");
INSERT INTO tbl_questionanswer VALUES("281","12","6","","","703","2013-02-21 05:19:40","703");
INSERT INTO tbl_questionanswer VALUES("282","12","7","","","703","2013-02-21 05:19:40","703");
INSERT INTO tbl_questionanswer VALUES("283","12","8","","","703","2013-02-21 05:19:40","703");
INSERT INTO tbl_questionanswer VALUES("284","12","9","","","703","2013-02-21 05:19:40","703");
INSERT INTO tbl_questionanswer VALUES("285","12","10","","","703","2013-02-21 05:19:40","703");
INSERT INTO tbl_questionanswer VALUES("286","12","11","","","703","2013-02-21 05:19:40","703");
INSERT INTO tbl_questionanswer VALUES("287","12","12","","","703","2013-02-21 05:19:40","703");
INSERT INTO tbl_questionanswer VALUES("288","12","13","","","703","2013-02-21 05:19:40","703");
INSERT INTO tbl_questionanswer VALUES("289","12","14","","","703","2013-02-21 05:19:40","703");
INSERT INTO tbl_questionanswer VALUES("290","12","15","","","703","2013-02-21 05:19:40","703");
INSERT INTO tbl_questionanswer VALUES("291","12","16","","","703","2013-02-21 05:19:40","703");
INSERT INTO tbl_questionanswer VALUES("292","12","17","","","703","2013-02-21 05:19:40","703");
INSERT INTO tbl_questionanswer VALUES("293","12","18","","","703","2013-02-21 05:19:40","703");
INSERT INTO tbl_questionanswer VALUES("294","12","19","","","703","2013-02-21 05:19:40","703");
INSERT INTO tbl_questionanswer VALUES("295","12","20","S","S","703","2013-02-21 05:19:40","703");
INSERT INTO tbl_questionanswer VALUES("296","12","21","","","703","","703");
INSERT INTO tbl_questionanswer VALUES("297","12","22","","","703","2013-02-21 05:19:40","703");
INSERT INTO tbl_questionanswer VALUES("298","12","23","","","703","2013-02-21 05:19:40","703");
INSERT INTO tbl_questionanswer VALUES("299","12","24","","","703","2013-02-21 05:19:40","703");
INSERT INTO tbl_questionanswer VALUES("300","12","25","","","703","2013-02-21 05:19:40","703");
INSERT INTO tbl_questionanswer VALUES("301","13","1","Materialen of onderdelen","Bevat de voorraad of de in behandeling zijnde voorraad onnodige materialen of onderdelen?","703","2013-02-21 05:19:40","703");
INSERT INTO tbl_questionanswer VALUES("302","13","2","Machines of gereedschap","Is er sprake van niet gebruikte machines of andere uitrusting?","703","2013-02-21 05:19:40","703");
INSERT INTO tbl_questionanswer VALUES("303","13","3","Sjablonen, gereedschap of stempels","Is er sprake van niet-gebruikte sjablonen, gereedschap of stempels?","703","2013-02-21 05:19:40","703");
INSERT INTO tbl_questionanswer VALUES("304","13","4","Visuele controle","Is het duidelijk welke items zijn aangeduid als onnodig?","703","2013-02-21 05:19:40","703");
INSERT INTO tbl_questionanswer VALUES("305","13","5","Beschreven standaarden","Heeft het vaststellen van de ??? onbruikbare standaarden aangetoond?","703","2013-02-21 05:19:40","703");
INSERT INTO tbl_questionanswer VALUES("306","13","6","Plaats-aanduiders","Zijn schappen en andere bergings-ruimten gemarkeerd met plaats-aanduiders en adressen?","703","2013-02-21 05:19:40","703");
INSERT INTO tbl_questionanswer VALUES("307","13","7","Item-aanduiders","Hebben de schappen aanduidings-borden die aangeven welke items waar naartoe gaan?","703","2013-02-21 05:19:40","703");
INSERT INTO tbl_questionanswer VALUES("308","13","8","Hoeveelheid-aanwijzers"," Zijn de maximum en minimum toelaatbare hoeveelheden aangegeven?","703","2013-02-21 05:19:40","703");
INSERT INTO tbl_questionanswer VALUES("309","13","9","Afscheiding van looppaden en in behandeling zijnde inventaris-gebieden","Zijn er witte lijnen of andere aanduidingen gebruikt die duidelijk de looppaden en de bergingsruimten aangeven?","703","2013-02-21 05:19:40","703");
INSERT INTO tbl_questionanswer VALUES("310","13","10","Sjablonen en gereedschap","Zijn sjablonen, gereedschap en stempels functioneel geordend om het oppakken en terugplaatsen te ","703","2013-02-21 05:19:40","703");
INSERT INTO tbl_questionanswer VALUES("311","13","11","Verdiepingen","Worden de vloeren blinkend schoon en vrij van afval, water en olie gehouden?","703","2013-02-21 05:19:40","703");
INSERT INTO tbl_questionanswer VALUES("312","13","12","Machines","Worden de machines dikwijls schoongemaakt en vrij gehouden van slijpsel, snippers en olie?","703","2013-02-21 05:19:40","703");
INSERT INTO tbl_questionanswer VALUES("313","13","13","Schoonmaak en controle","Wordt de inspectie van de apparatuur gecombineerd met het ondferhoud ervan?","703","2013-02-21 05:19:40","703");
INSERT INTO tbl_questionanswer VALUES("314","13","14","Schoonmaak-verantwoordelijkheden","Is er iemand verantwoordelijk gesteld om toezicht te houden op de schoonmaak-werkzaamheden?","703","2013-02-21 05:19:40","703");
INSERT INTO tbl_questionanswer VALUES("315","13","15","Gebruikelijke zuiverheid","Maken de operators wel de vloer en de apparatuur schoon zonder dat het hen opgedragen is?","703","2013-02-21 05:19:40","703");
INSERT INTO tbl_questionanswer VALUES("316","13","16","Memo\'s ter verbetering","Worden er regelmatig memo\'s ter verbetering opgemaakt?","703","2013-02-21 05:19:40","703");
INSERT INTO tbl_questionanswer VALUES("317","13","17","Ideen voor verbeteringen","Wordt er actie ondernomen op ideen ter verbetering?","703","2013-02-21 05:19:40","703");
INSERT INTO tbl_questionanswer VALUES("318","13","18","Sleutel-procedures","Zijn de standaard procedures duidelijk en omschreven en worden ze actief gebruikt?","703","2013-02-21 05:19:40","703");
INSERT INTO tbl_questionanswer VALUES("319","13","19","Plan ter verbetering","Worden de toekomstige standaarden in overweging genomen met een duidelijk verbeterings-plan voor het ","703","2013-02-21 05:19:40","703");
INSERT INTO tbl_questionanswer VALUES("320","13","20","De eerste drie S\'en","Worden de eerste drie S\'en (sort-orden, set location-locatie instellen en shine-blinkend schoon) gehandhaafd?","703","2013-02-21 05:19:40","703");
INSERT INTO tbl_questionanswer VALUES("321","13","21","Training","Is iedereen voldoende getraind in de standaard procedures?","703","","703");
INSERT INTO tbl_questionanswer VALUES("322","13","22","Gereedschap en onderdelen","Worden gereedschap en onderdelen op de juiste wijze opgeborgen?","703","2013-02-21 05:19:40","703");
INSERT INTO tbl_questionanswer VALUES("323","13","23","Voorraad-controles","Wordt er vastgehouden aan voorraad-controles?","703","2013-02-21 05:19:40","703");
INSERT INTO tbl_questionanswer VALUES("324","13","24","Procedures","Zijn de procedures up-to-date en worden ze regelmatig herzien?","703","2013-02-21 05:19:40","703");
INSERT INTO tbl_questionanswer VALUES("325","13","25","Activiteiten-commissies","Zijn de activiteiten-commissie up-to-date en worden ze regelmatig herzien?","703","2013-02-21 05:19:40","703");
INSERT INTO tbl_questionanswer VALUES("326","14","1","Materials or parts","Does the inventory or in-process inventory include and unneeded materials or parts?","703","2013-02-21 05:19:40","703");
INSERT INTO tbl_questionanswer VALUES("327","14","2","Machines or equipment","Are there any unused machines or other equipment around?","703","2013-02-21 05:19:40","703");
INSERT INTO tbl_questionanswer VALUES("328","14","3","Jigs, tools, or dies","Are there any unused jigs, tools, dies or similar items around?","703","2013-02-21 05:19:40","703");
INSERT INTO tbl_questionanswer VALUES("329","14","4","Visual control","Is it obvious which items have been marked as unnecessary?","703","2013-02-21 05:19:40","703");
INSERT INTO tbl_questionanswer VALUES("330","14","5","Written standards","Has establishing the 5Ss left behind any useless standard?","703","2013-02-21 05:19:40","703");
INSERT INTO tbl_questionanswer VALUES("331","14","6","Location Indicators","Are shelves and other storage areas marked with location indicators and addresses?","703","2013-02-21 05:19:40","703");
INSERT INTO tbl_questionanswer VALUES("332","14","7","Item Indicators","Do the shelves have signboards showing which items go where?","703","2013-02-21 05:19:40","703");
INSERT INTO tbl_questionanswer VALUES("333","14","8","Quantity Indicators","Are the maximum and minimum allowable quantities indicated?","703","2013-02-21 05:19:40","703");
INSERT INTO tbl_questionanswer VALUES("334","14","9","Demarcation of walkways and in-process inventory areas","Are white lines or other markers used to clearly indicate walkways and storage areas?","703","2013-02-21 05:19:40","703");
INSERT INTO tbl_questionanswer VALUES("335","14","10","Jigs and tools","Are jigs and tools arranged more rationally to facilitate picking them up and returning them?","703","2013-02-21 05:19:40","703");
INSERT INTO tbl_questionanswer VALUES("336","14","11","Floors","Are floors kept shiny clean and free of waste, water and oil?","703","2013-02-21 05:19:40","703");
INSERT INTO tbl_questionanswer VALUES("337","14","12","Machines","Are the machine wiped clean often and kept free of shavings, chips and oil?","703","2013-02-21 05:19:40","703");
INSERT INTO tbl_questionanswer VALUES("338","14","13","Cleaning and checking","Is equipment inspection combined with equipment maintenance?","703","2013-02-21 05:19:40","703");
INSERT INTO tbl_questionanswer VALUES("339","14","14","Cleaning responsibilities","Is there a person responsible for overseeing cleaning operations?","703","2013-02-21 05:19:40","703");
INSERT INTO tbl_questionanswer VALUES("340","14","15","Habitual cleanliness","Do operators habitually sweep floors, and wipe equipment without being told?","703","2013-02-21 05:19:40","703");
INSERT INTO tbl_questionanswer VALUES("341","14","16","Improvement memos","Are improvement memos regularly being generated?","703","2013-02-21 05:19:40","703");
INSERT INTO tbl_questionanswer VALUES("342","14","17","Improvement ideas","Are improvement ideas being acted on?","703","2013-02-21 05:19:40","703");
INSERT INTO tbl_questionanswer VALUES("343","14","18","Key procedures","Are standard procedures clear, documented and actively used?","703","2013-02-21 05:19:40","703");
INSERT INTO tbl_questionanswer VALUES("344","14","19","Improvement plan","Are the future standards being considered with a clear improvement plan for the area?","703","2013-02-21 05:19:40","703");
INSERT INTO tbl_questionanswer VALUES("345","14","20","The first 3 Ss","Are the first 3 Ss (sort, set locations and shine) being maintained?","703","2013-02-21 05:19:40","703");
INSERT INTO tbl_questionanswer VALUES("346","14","21","Training","Is everyone adequately trained in standard procedure?","703","","703");
INSERT INTO tbl_questionanswer VALUES("347","14","22","Tools and parts","Are tools and parts being stored correctly?","703","2013-02-21 05:19:40","703");
INSERT INTO tbl_questionanswer VALUES("348","14","23","Stock controls","Are stock controls being adhered to?","703","2013-02-21 05:19:40","703");
INSERT INTO tbl_questionanswer VALUES("349","14","24","Procedures","Are procedures up-to-date and regularly reviewed?","703","2013-02-21 05:19:40","703");
INSERT INTO tbl_questionanswer VALUES("350","14","25","Activity boards","Are activity boards up-to-date and regularly reviewed?","703","2013-02-21 05:19:40","703");





CREATE TABLE `tbl_questionnair` (
  `qid` int(11) NOT NULL AUTO_INCREMENT,
  `title` varchar(255) NOT NULL,
  `uid` int(11) NOT NULL,
  `lid` int(11) NOT NULL,
  `superadminid` int(11) NOT NULL,
  `modified_date` timestamp NOT NULL DEFAULT '1970-01-05 00:00:00',
  `status` int(11) NOT NULL,
  `timestamp` varchar(255) NOT NULL,
  PRIMARY KEY (`qid`)
) ENGINE=InnoDB AUTO_INCREMENT=15 DEFAULT CHARSET=utf8;

INSERT INTO tbl_questionnair VALUES("1","5s audit - english","703","9","703","2013-04-10 11:30:55","1","2013-02-21 05:19:40");
INSERT INTO tbl_questionnair VALUES("2","5s audit - french","703","4","703","1970-01-05 00:00:00","1","2013-02-21 05:19:40");
INSERT INTO tbl_questionnair VALUES("3","5s audit - italy","703","7","703","1970-01-05 00:00:00","1","2013-02-21 05:19:40");
INSERT INTO tbl_questionnair VALUES("4","5s audit - swedish","703","14","703","1970-01-05 00:00:00","1","2013-02-21 05:19:40");
INSERT INTO tbl_questionnair VALUES("5","5s audit - danish","703","2","703","1970-01-05 00:00:00","1","2013-02-21 05:19:40");
INSERT INTO tbl_questionnair VALUES("6","5s audit - german","703","5","703","1970-01-05 00:00:00","1","2013-02-21 05:19:40");
INSERT INTO tbl_questionnair VALUES("7","5s audit - portugal","703","11","703","1970-01-05 00:00:00","1","2013-02-21 05:19:40");
INSERT INTO tbl_questionnair VALUES("8","5s audit - spanish","703","13","703","1970-01-05 00:00:00","1","2013-02-21 05:19:40");
INSERT INTO tbl_questionnair VALUES("9","5s audit - russsian","703","12","703","1970-01-05 00:00:00","1","2013-02-21 05:19:40");
INSERT INTO tbl_questionnair VALUES("10","5s audit - chinese","703","1","703","1970-01-05 00:00:00","1","2013-02-21 05:19:40");
INSERT INTO tbl_questionnair VALUES("11","5s audit - greek","703","6","703","1970-01-05 00:00:00","1","2013-02-21 05:19:40");
INSERT INTO tbl_questionnair VALUES("12","5s audit - japanese","703","8","703","1970-01-05 00:00:00","1","2013-02-21 05:19:40");
INSERT INTO tbl_questionnair VALUES("13","5s audit - dutch","703","3","703","1970-01-05 00:00:00","1","2013-02-21 05:19:40");
INSERT INTO tbl_questionnair VALUES("14","custom questionnaire","703","9","703","1970-01-05 00:00:00","0","2013-08-08 10:09:08");





CREATE TABLE `tbl_settings` (
  `sid` int(11) NOT NULL AUTO_INCREMENT,
  `key` varchar(255) NOT NULL,
  `value` varchar(255) NOT NULL,
  `superadminid` int(11) NOT NULL,
  `uid` int(11) NOT NULL,
  PRIMARY KEY (`sid`)
) ENGINE=InnoDB AUTO_INCREMENT=9 DEFAULT CHARSET=utf8;

INSERT INTO tbl_settings VALUES("1","default_language","9","703","703");
INSERT INTO tbl_settings VALUES("2","default_language_question","9","703","703");
INSERT INTO tbl_settings VALUES("3","default_language","9","703","1683");
INSERT INTO tbl_settings VALUES("4","default_language_question","9","703","1683");
INSERT INTO tbl_settings VALUES("5","default_language","9","703","2337");
INSERT INTO tbl_settings VALUES("6","default_language_question","9","703","2337");
INSERT INTO tbl_settings VALUES("7","default_language","9","703","2338");
INSERT INTO tbl_settings VALUES("8","default_language_question","9","703","2338");



