

CREATE TABLE `adddepartment` (
  `deptid` int(11) NOT NULL AUTO_INCREMENT,
  `deptname` varchar(255) NOT NULL,
  `depttimestamp` timestamp NOT NULL DEFAULT CURRENT_TIMESTAMP,
  `uid` int(11) NOT NULL,
  `superadminid` int(11) NOT NULL,
  PRIMARY KEY (`deptid`)
) ENGINE=InnoDB AUTO_INCREMENT=2 DEFAULT CHARSET=utf8;

INSERT INTO adddepartment VALUES("1","sales","2012-10-01 06:31:41","279","279");





CREATE TABLE `addtemplate` (
  `tempid` int(11) NOT NULL AUTO_INCREMENT,
  `tempname` varchar(255) NOT NULL,
  `auditorcname` varchar(255) NOT NULL,
  `auditorclogo` varchar(255) NOT NULL,
  `clientcname` varchar(255) NOT NULL,
  `clientclogo` varchar(255) NOT NULL,
  `temptype` varchar(255) NOT NULL,
  `temptimestamp` timestamp NOT NULL DEFAULT CURRENT_TIMESTAMP,
  `uid` int(11) NOT NULL,
  `superadminid` int(11) NOT NULL,
  PRIMARY KEY (`tempid`)
) ENGINE=InnoDB AUTO_INCREMENT=2 DEFAULT CHARSET=utf8;

INSERT INTO addtemplate VALUES("1","das","d","1349073086Sunset.jpg","","","o","2012-10-01 06:31:26","279","279");





CREATE TABLE `tbl_project` (
  `pid` int(11) NOT NULL AUTO_INCREMENT,
  `tempid` int(11) NOT NULL,
  `tempname` varchar(255) NOT NULL,
  `deptid` int(11) NOT NULL,
  `deptname` varchar(255) NOT NULL,
  `qid` int(11) NOT NULL,
  `title` varchar(255) NOT NULL,
  `pdate` date NOT NULL,
  `auditorcname` varchar(255) NOT NULL,
  `auditorclogo` varchar(255) NOT NULL,
  `clientcname` varchar(255) NOT NULL,
  `clientclogo` varchar(255) NOT NULL,
  `temptype` varchar(255) NOT NULL,
  `uid` int(11) NOT NULL,
  `superadminid` int(11) NOT NULL,
  `timestamp` varchar(255) NOT NULL,
  `status` varchar(255) NOT NULL DEFAULT '1',
  `notes` varchar(255) NOT NULL,
  `auditedby` varchar(255) NOT NULL,
  `status_progress` int(11) NOT NULL DEFAULT '1',
  `sync_status` int(11) NOT NULL,
  `tstamp` int(11) NOT NULL,
  PRIMARY KEY (`pid`)
) ENGINE=InnoDB AUTO_INCREMENT=34 DEFAULT CHARSET=utf8;

INSERT INTO tbl_project VALUES("1","1","das","1","sales","10","5s audit - chinese","2012-10-01","das           ","1349073086Sunset.jpg           ","","","o","279","279","","1","rtryrty","chi           ","1","0","0");
INSERT INTO tbl_project VALUES("3","1","das","1","sales","1","5s audit","2012-09-07","das   ","1349073086Sunset.jpg   ","","","o","282","279","","0","bvbdfdfd","asddf   ","1","0","0");
INSERT INTO tbl_project VALUES("4","1","das","1","sales","3","5s audit - italy","2012-09-01","das     ","1349073086Sunset.jpg     ","","","o","282","279","","0","eryrrt","dsfsdf     ","0","0","0");
INSERT INTO tbl_project VALUES("5","1","das","1","sales","2","5s audit - french","2012-08-09","das   ","1349073086Sunset.jpg   ","","","o","283","279","","1","dfgg","dfgfgdfg   ","1","0","0");
INSERT INTO tbl_project VALUES("6","1","das","1","sales","6","5s audit - german","2012-08-08","das       ","1349073086Sunset.jpg       ","","","o","283","279","","1","tyytu","6u       ","0","0","0");
INSERT INTO tbl_project VALUES("7","1","das","1","sales","8","5s audit - spanish","2012-09-26","das    ","1349073086Sunset.jpg    ","","","o","284","279","","1","rtett","fgfdg    ","1","0","0");
INSERT INTO tbl_project VALUES("8","1","das","1","sales","4","5s audit - swedish","2012-09-15","das    ","1349073086Sunset.jpg    ","","","o","284","279","","0","julkjk","fg    ","1","0","0");
INSERT INTO tbl_project VALUES("9","1","das","1","sales","9","5s audit - russsian","2013-06-07","das     ","1349073086Sunset.jpg     ","","","o","279","279","","0","","tejas     ","1","0","0");
INSERT INTO tbl_project VALUES("10","1","das","1","sales","12","5s audit - japanese","2012-07-15","das    ","1349073086Sunset.jpg    ","","","o","279","279","","0","k","tejas    ","1","0","0");
INSERT INTO tbl_project VALUES("11","1","das","1","sales","9","5s audit - russsian","2012-10-17","d     ","1349073086Sunset.jpg     ","","","o","279","279","","1","","tejas     ","1","0","0");
INSERT INTO tbl_project VALUES("12","1","das","1","sales","9","5s audit - russsian","2012-10-03","d   ","1349073086Sunset.jpg   ","","","o","279","279","","1","","a   ","1","0","0");
INSERT INTO tbl_project VALUES("13","1","das","1","sales ","10","5s audit - chinese ","2012-10-03","d","1349073086Sunset.jpg","","","o","279","279","","1","ertewrt","sadfsa","1","0","0");
INSERT INTO tbl_project VALUES("14","1","das","1","sales","8","5s audit - spanish","2012-09-23","d      ","1349073086Sunset.jpg      ","","","o","279","279","","1","k","a      ","0","0","0");
INSERT INTO tbl_project VALUES("15","1","das","1","sales","4","5s audit - swedish","2012-09-11","d ","1349073086Sunset.jpg ","","","o","279","279","","0","good","tejas ","0","0","0");
INSERT INTO tbl_project VALUES("16","1","das","1","sales ","1","5s audit ","2012-09-03","d","1349073086Sunset.jpg","","","o","279","279","","1","","tejas","1","0","0");
INSERT INTO tbl_project VALUES("17","1","das","1","sales","3","5s audit - italy","2012-08-25","d      ","1349073086Sunset.jpg      ","","","o","279","279","","1","","tejas      ","1","0","0");
INSERT INTO tbl_project VALUES("18","1","das","1","sales ","2","5s audit - french ","2012-08-08","d","1349073086Sunset.jpg","","","o","279","279","","1","","tejas","1","0","0");
INSERT INTO tbl_project VALUES("19","1","das","1","sales","0","","2012-07-04","d    ","1349073086Sunset.jpg    ","","","o","279","279","","1","","tejas    ","1","0","0");
INSERT INTO tbl_project VALUES("20","1","das","1","sales ","6","5s audit - german ","2012-08-05","d","1349073086Sunset.jpg","","","o","279","279","","1","","tejas","1","0","0");
INSERT INTO tbl_project VALUES("21","1","das","1","sales ","12","5s audit - japanese ","2012-07-10","d","1349073086Sunset.jpg","","","o","279","279","","0","","tejas","1","0","0");
INSERT INTO tbl_project VALUES("22","1","das","1","sales ","11","5s audit - greek ","2012-11-09","d","1349073086Sunset.jpg","","","o","279","279","","0","","tejas","1","0","0");
INSERT INTO tbl_project VALUES("23","1","das","1","sales","0","","2012-11-09","d      ","1349073086Sunset.jpg      ","","","o","279","279","","1","","tejas      ","1","0","0");
INSERT INTO tbl_project VALUES("24","1","das","1","sales","11","5s audit - greek","2012-11-08","d    ","1349073086Sunset.jpg    ","","","o","279","279","","1","","tejas    ","0","0","0");
INSERT INTO tbl_project VALUES("25","1","das","1","sales","12","5s audit - japanese","2012-07-07","d  ","1349073086Sunset.jpg  ","","","o","279","279","","0","good","tejas  ","1","0","0");
INSERT INTO tbl_project VALUES("26","1","das","1","sales","5","5s audit - danish","2012-10-05","d  ","1349073086Sunset.jpg  ","","","o","279","279","","1","","tejas  ","1","0","0");
INSERT INTO tbl_project VALUES("27","1","das","1","sales ","5","5s audit - danish ","2012-10-01","d","1349073086Sunset.jpg","","","o","279","279","","1","good","t","0","0","0");
INSERT INTO tbl_project VALUES("28","1","das","1","sales ","13","5s audit - dutch ","2012-10-03","d","1349073086Sunset.jpg","","","o","279","279","","1","","a","1","0","0");
INSERT INTO tbl_project VALUES("29","1","das","1","sales","13","5s audit - dutch","2012-10-01","d ","1349073086Sunset.jpg ","","","o","279","279","","1","okay","tejas ","0","0","0");
INSERT INTO tbl_project VALUES("30","1","das","1","sales ","3","5s audit - italy ","2013-11-09","d","1349073086Sunset.jpg","","","o","279","279","","1","okay","a","0","0","0");
INSERT INTO tbl_project VALUES("31","1","das","1","sales","3","5s audit - italy","2012-08-26","d       ","1349073086Sunset.jpg       ","","","o","279","279","","1","okkkk","a       ","1","0","0");
INSERT INTO tbl_project VALUES("32","1","das","1","sales","0","","2014-10-08","d            ","1349073086Sunset.jpg            ","","","o","279","279","","1","","tejas            ","1","0","0");
INSERT INTO tbl_project VALUES("33","1","das","1","sales","12","5s audit - japanese","2012-11-07","d ","1349073086Sunset.jpg ","","","o","279","279","","1","Well done","tejas ","0","0","0");





CREATE TABLE `tbl_project_review` (
  `prjid` int(11) NOT NULL AUTO_INCREMENT,
  `pid` int(11) NOT NULL,
  `qid` int(11) NOT NULL,
  `queid` int(11) NOT NULL,
  `answer` int(11) NOT NULL,
  `status` varchar(255) NOT NULL,
  `uid` int(11) NOT NULL,
  `timestamp` varchar(255) NOT NULL,
  `superadminid` int(11) NOT NULL,
  PRIMARY KEY (`prjid`)
) ENGINE=InnoDB AUTO_INCREMENT=801 DEFAULT CHARSET=utf8;

INSERT INTO tbl_project_review VALUES("1","1","10","1","2","In Progress","279","2012-10-01 06:32:23","279");
INSERT INTO tbl_project_review VALUES("2","1","10","2","3","In Progress","279","2012-10-01 06:32:23","279");
INSERT INTO tbl_project_review VALUES("3","1","10","3","0","In Progress","279","2012-10-01 06:32:23","279");
INSERT INTO tbl_project_review VALUES("4","1","10","4","3","In Progress","279","2012-10-01 06:32:23","279");
INSERT INTO tbl_project_review VALUES("5","1","10","5","2","In Progress","279","2012-10-01 06:32:23","279");
INSERT INTO tbl_project_review VALUES("6","1","10","6","2","In Progress","279","2012-10-01 06:32:23","279");
INSERT INTO tbl_project_review VALUES("7","1","10","7","3","In Progress","279","2012-10-01 06:32:23","279");
INSERT INTO tbl_project_review VALUES("8","1","10","8","4","In Progress","279","2012-10-01 06:32:23","279");
INSERT INTO tbl_project_review VALUES("9","1","10","9","3","In Progress","279","2012-10-01 06:32:23","279");
INSERT INTO tbl_project_review VALUES("10","1","10","10","4","In Progress","279","2012-10-01 06:32:23","279");
INSERT INTO tbl_project_review VALUES("11","1","10","11","3","In Progress","279","2012-10-01 06:32:23","279");
INSERT INTO tbl_project_review VALUES("12","1","10","12","2","In Progress","279","2012-10-01 06:32:23","279");
INSERT INTO tbl_project_review VALUES("13","1","10","13","3","In Progress","279","2012-10-01 06:32:23","279");
INSERT INTO tbl_project_review VALUES("14","1","10","14","1","In Progress","279","2012-10-01 06:32:23","279");
INSERT INTO tbl_project_review VALUES("15","1","10","15","4","In Progress","279","2012-10-01 06:32:23","279");
INSERT INTO tbl_project_review VALUES("16","1","10","16","2","In Progress","279","2012-10-01 06:32:23","279");
INSERT INTO tbl_project_review VALUES("17","1","10","17","2","In Progress","279","2012-10-01 06:32:23","279");
INSERT INTO tbl_project_review VALUES("18","1","10","18","3","In Progress","279","2012-10-01 06:32:23","279");
INSERT INTO tbl_project_review VALUES("19","1","10","19","3","In Progress","279","2012-10-01 06:32:23","279");
INSERT INTO tbl_project_review VALUES("20","1","10","20","3","In Progress","279","2012-10-01 06:32:23","279");
INSERT INTO tbl_project_review VALUES("21","1","10","21","4","In Progress","279","2012-10-01 06:32:23","279");
INSERT INTO tbl_project_review VALUES("22","1","10","22","4","In Progress","279","2012-10-01 06:32:23","279");
INSERT INTO tbl_project_review VALUES("23","1","10","23","3","In Progress","279","2012-10-01 06:32:23","279");
INSERT INTO tbl_project_review VALUES("24","1","10","24","3","In Progress","279","2012-10-01 06:32:23","279");
INSERT INTO tbl_project_review VALUES("25","1","10","25","2","In Progress","279","2012-10-01 06:32:23","279");
INSERT INTO tbl_project_review VALUES("51","3","1","1","2","In Progress","282","2012-10-01 11:12:03","279");
INSERT INTO tbl_project_review VALUES("52","3","1","2","3","In Progress","282","2012-10-01 11:12:03","279");
INSERT INTO tbl_project_review VALUES("53","3","1","3","1","In Progress","282","2012-10-01 11:12:03","279");
INSERT INTO tbl_project_review VALUES("54","3","1","4","3","In Progress","282","2012-10-01 11:12:03","279");
INSERT INTO tbl_project_review VALUES("55","3","1","5","4","In Progress","282","2012-10-01 11:12:03","279");
INSERT INTO tbl_project_review VALUES("56","3","1","6","3","In Progress","282","2012-10-01 11:12:03","279");
INSERT INTO tbl_project_review VALUES("57","3","1","7","2","In Progress","282","2012-10-01 11:12:03","279");
INSERT INTO tbl_project_review VALUES("58","3","1","8","4","In Progress","282","2012-10-01 11:12:03","279");
INSERT INTO tbl_project_review VALUES("59","3","1","9","2","In Progress","282","2012-10-01 11:12:03","279");
INSERT INTO tbl_project_review VALUES("60","3","1","10","3","In Progress","282","2012-10-01 11:12:03","279");
INSERT INTO tbl_project_review VALUES("61","3","1","11","2","In Progress","282","2012-10-01 11:12:03","279");
INSERT INTO tbl_project_review VALUES("62","3","1","12","3","In Progress","282","2012-10-01 11:12:03","279");
INSERT INTO tbl_project_review VALUES("63","3","1","13","2","In Progress","282","2012-10-01 11:12:03","279");
INSERT INTO tbl_project_review VALUES("64","3","1","14","1","In Progress","282","2012-10-01 11:12:03","279");
INSERT INTO tbl_project_review VALUES("65","3","1","15","1","In Progress","282","2012-10-01 11:12:03","279");
INSERT INTO tbl_project_review VALUES("66","3","1","16","2","In Progress","282","2012-10-01 11:12:03","279");
INSERT INTO tbl_project_review VALUES("67","3","1","17","2","In Progress","282","2012-10-01 11:12:03","279");
INSERT INTO tbl_project_review VALUES("68","3","1","18","3","In Progress","282","2012-10-01 11:12:03","279");
INSERT INTO tbl_project_review VALUES("69","3","1","19","2","In Progress","282","2012-10-01 11:12:03","279");
INSERT INTO tbl_project_review VALUES("70","3","1","20","1","In Progress","282","2012-10-01 11:12:03","279");
INSERT INTO tbl_project_review VALUES("71","3","1","21","3","In Progress","282","2012-10-01 11:12:03","279");
INSERT INTO tbl_project_review VALUES("72","3","1","22","4","In Progress","282","2012-10-01 11:12:03","279");
INSERT INTO tbl_project_review VALUES("73","3","1","23","3","In Progress","282","2012-10-01 11:12:03","279");
INSERT INTO tbl_project_review VALUES("74","3","1","24","2","In Progress","282","2012-10-01 11:12:03","279");
INSERT INTO tbl_project_review VALUES("75","3","1","25","1","In Progress","282","2012-10-01 11:12:03","279");
INSERT INTO tbl_project_review VALUES("76","4","3","1","4","Completed","282","2012-10-01 11:13:51","279");
INSERT INTO tbl_project_review VALUES("77","4","3","2","2","Completed","282","2012-10-01 11:13:51","279");
INSERT INTO tbl_project_review VALUES("78","4","3","3","3","Completed","282","2012-10-01 11:13:51","279");
INSERT INTO tbl_project_review VALUES("79","4","3","4","2","Completed","282","2012-10-01 11:13:51","279");
INSERT INTO tbl_project_review VALUES("80","4","3","5","3","Completed","282","2012-10-01 11:13:51","279");
INSERT INTO tbl_project_review VALUES("81","4","3","6","3","Completed","282","2012-10-01 11:13:51","279");
INSERT INTO tbl_project_review VALUES("82","4","3","7","2","Completed","282","2012-10-01 11:13:51","279");
INSERT INTO tbl_project_review VALUES("83","4","3","8","3","Completed","282","2012-10-01 11:13:51","279");
INSERT INTO tbl_project_review VALUES("84","4","3","9","4","Completed","282","2012-10-01 11:13:51","279");
INSERT INTO tbl_project_review VALUES("85","4","3","10","3","Completed","282","2012-10-01 11:13:51","279");
INSERT INTO tbl_project_review VALUES("86","4","3","11","2","Completed","282","2012-10-01 11:13:51","279");
INSERT INTO tbl_project_review VALUES("87","4","3","12","1","Completed","282","2012-10-01 11:13:51","279");
INSERT INTO tbl_project_review VALUES("88","4","3","13","2","Completed","282","2012-10-01 11:13:51","279");
INSERT INTO tbl_project_review VALUES("89","4","3","14","3","Completed","282","2012-10-01 11:13:51","279");
INSERT INTO tbl_project_review VALUES("90","4","3","15","2","Completed","282","2012-10-01 11:13:51","279");
INSERT INTO tbl_project_review VALUES("91","4","3","16","3","Completed","282","2012-10-01 11:13:51","279");
INSERT INTO tbl_project_review VALUES("92","4","3","17","2","Completed","282","2012-10-01 11:13:51","279");
INSERT INTO tbl_project_review VALUES("93","4","3","18","4","Completed","282","2012-10-01 11:13:51","279");
INSERT INTO tbl_project_review VALUES("94","4","3","19","3","Completed","282","2012-10-01 11:13:51","279");
INSERT INTO tbl_project_review VALUES("95","4","3","20","2","Completed","282","2012-10-01 11:13:51","279");
INSERT INTO tbl_project_review VALUES("96","4","3","21","2","Completed","282","2012-10-01 11:13:51","279");
INSERT INTO tbl_project_review VALUES("97","4","3","22","2","Completed","282","2012-10-01 11:13:51","279");
INSERT INTO tbl_project_review VALUES("98","4","3","23","3","Completed","282","2012-10-01 11:13:51","279");
INSERT INTO tbl_project_review VALUES("99","4","3","24","3","Completed","282","2012-10-01 11:13:51","279");
INSERT INTO tbl_project_review VALUES("100","4","3","25","2","Completed","282","2012-10-01 11:13:51","279");
INSERT INTO tbl_project_review VALUES("101","5","2","1","3","In Progress","283","2012-10-01 11:16:29","279");
INSERT INTO tbl_project_review VALUES("102","5","2","2","2","In Progress","283","2012-10-01 11:16:29","279");
INSERT INTO tbl_project_review VALUES("103","5","2","3","3","In Progress","283","2012-10-01 11:16:29","279");
INSERT INTO tbl_project_review VALUES("104","5","2","4","2","In Progress","283","2012-10-01 11:16:29","279");
INSERT INTO tbl_project_review VALUES("105","5","2","5","3","In Progress","283","2012-10-01 11:16:29","279");
INSERT INTO tbl_project_review VALUES("106","5","2","6","4","In Progress","283","2012-10-01 11:16:29","279");
INSERT INTO tbl_project_review VALUES("107","5","2","7","3","In Progress","283","2012-10-01 11:16:29","279");
INSERT INTO tbl_project_review VALUES("108","5","2","8","2","In Progress","283","2012-10-01 11:16:29","279");
INSERT INTO tbl_project_review VALUES("109","5","2","9","2","In Progress","283","2012-10-01 11:16:29","279");
INSERT INTO tbl_project_review VALUES("110","5","2","10","2","In Progress","283","2012-10-01 11:16:29","279");
INSERT INTO tbl_project_review VALUES("111","5","2","11","3","In Progress","283","2012-10-01 11:16:29","279");
INSERT INTO tbl_project_review VALUES("112","5","2","12","4","In Progress","283","2012-10-01 11:16:29","279");
INSERT INTO tbl_project_review VALUES("113","5","2","13","3","In Progress","283","2012-10-01 11:16:29","279");
INSERT INTO tbl_project_review VALUES("114","5","2","14","2","In Progress","283","2012-10-01 11:16:29","279");
INSERT INTO tbl_project_review VALUES("115","5","2","15","1","In Progress","283","2012-10-01 11:16:29","279");
INSERT INTO tbl_project_review VALUES("116","5","2","16","3","In Progress","283","2012-10-01 11:16:29","279");
INSERT INTO tbl_project_review VALUES("117","5","2","17","2","In Progress","283","2012-10-01 11:16:29","279");
INSERT INTO tbl_project_review VALUES("118","5","2","18","2","In Progress","283","2012-10-01 11:16:29","279");
INSERT INTO tbl_project_review VALUES("119","5","2","19","2","In Progress","283","2012-10-01 11:16:29","279");
INSERT INTO tbl_project_review VALUES("120","5","2","20","3","In Progress","283","2012-10-01 11:16:29","279");
INSERT INTO tbl_project_review VALUES("121","5","2","21","3","In Progress","283","2012-10-01 11:16:29","279");
INSERT INTO tbl_project_review VALUES("122","5","2","22","4","In Progress","283","2012-10-01 11:16:29","279");
INSERT INTO tbl_project_review VALUES("123","5","2","23","2","In Progress","283","2012-10-01 11:16:29","279");
INSERT INTO tbl_project_review VALUES("124","5","2","24","1","In Progress","283","2012-10-01 11:16:29","279");
INSERT INTO tbl_project_review VALUES("125","5","2","25","2","In Progress","283","2012-10-01 11:16:29","279");
INSERT INTO tbl_project_review VALUES("126","6","6","1","2","Completed","283","2012-10-01 11:18:08","279");
INSERT INTO tbl_project_review VALUES("127","6","6","2","3","Completed","283","2012-10-01 11:18:08","279");
INSERT INTO tbl_project_review VALUES("128","6","6","3","2","Completed","283","2012-10-01 11:18:08","279");
INSERT INTO tbl_project_review VALUES("129","6","6","4","1","Completed","283","2012-10-01 11:18:08","279");
INSERT INTO tbl_project_review VALUES("130","6","6","5","2","Completed","283","2012-10-01 11:18:08","279");
INSERT INTO tbl_project_review VALUES("131","6","6","6","4","Completed","283","2012-10-01 11:18:08","279");
INSERT INTO tbl_project_review VALUES("132","6","6","7","3","Completed","283","2012-10-01 11:18:08","279");
INSERT INTO tbl_project_review VALUES("133","6","6","8","3","Completed","283","2012-10-01 11:18:08","279");
INSERT INTO tbl_project_review VALUES("134","6","6","9","1","Completed","283","2012-10-01 11:18:08","279");
INSERT INTO tbl_project_review VALUES("135","6","6","10","1","Completed","283","2012-10-01 11:18:08","279");
INSERT INTO tbl_project_review VALUES("136","6","6","11","4","Completed","283","2012-10-01 11:18:08","279");
INSERT INTO tbl_project_review VALUES("137","6","6","12","3","Completed","283","2012-10-01 11:18:08","279");
INSERT INTO tbl_project_review VALUES("138","6","6","13","3","Completed","283","2012-10-01 11:18:08","279");
INSERT INTO tbl_project_review VALUES("139","6","6","14","2","Completed","283","2012-10-01 11:18:08","279");
INSERT INTO tbl_project_review VALUES("140","6","6","15","2","Completed","283","2012-10-01 11:18:08","279");
INSERT INTO tbl_project_review VALUES("141","6","6","16","3","Completed","283","2012-10-01 11:18:08","279");
INSERT INTO tbl_project_review VALUES("142","6","6","17","3","Completed","283","2012-10-01 11:18:08","279");
INSERT INTO tbl_project_review VALUES("143","6","6","18","4","Completed","283","2012-10-01 11:18:08","279");
INSERT INTO tbl_project_review VALUES("144","6","6","19","3","Completed","283","2012-10-01 11:18:08","279");
INSERT INTO tbl_project_review VALUES("145","6","6","20","2","Completed","283","2012-10-01 11:18:08","279");
INSERT INTO tbl_project_review VALUES("146","6","6","21","1","Completed","283","2012-10-01 11:18:08","279");
INSERT INTO tbl_project_review VALUES("147","6","6","22","2","Completed","283","2012-10-01 11:18:08","279");
INSERT INTO tbl_project_review VALUES("148","6","6","23","3","Completed","283","2012-10-01 11:18:08","279");
INSERT INTO tbl_project_review VALUES("149","6","6","24","2","Completed","283","2012-10-01 11:18:08","279");
INSERT INTO tbl_project_review VALUES("150","6","6","25","2","Completed","283","2012-10-01 11:18:08","279");
INSERT INTO tbl_project_review VALUES("151","7","8","1","2","In Progress","284","2012-10-01 11:20:42","279");
INSERT INTO tbl_project_review VALUES("152","7","8","2","3","In Progress","284","2012-10-01 11:20:42","279");
INSERT INTO tbl_project_review VALUES("153","7","8","3","3","In Progress","284","2012-10-01 11:20:42","279");
INSERT INTO tbl_project_review VALUES("154","7","8","4","4","In Progress","284","2012-10-01 11:20:42","279");
INSERT INTO tbl_project_review VALUES("155","7","8","5","2","In Progress","284","2012-10-01 11:20:42","279");
INSERT INTO tbl_project_review VALUES("156","7","8","6","3","In Progress","284","2012-10-01 11:20:42","279");
INSERT INTO tbl_project_review VALUES("157","7","8","7","2","In Progress","284","2012-10-01 11:20:42","279");
INSERT INTO tbl_project_review VALUES("158","7","8","8","3","In Progress","284","2012-10-01 11:20:42","279");
INSERT INTO tbl_project_review VALUES("159","7","8","9","4","In Progress","284","2012-10-01 11:20:42","279");
INSERT INTO tbl_project_review VALUES("160","7","8","10","3","In Progress","284","2012-10-01 11:20:42","279");
INSERT INTO tbl_project_review VALUES("161","7","8","11","4","In Progress","284","2012-10-01 11:20:42","279");
INSERT INTO tbl_project_review VALUES("162","7","8","12","4","In Progress","284","2012-10-01 11:20:42","279");
INSERT INTO tbl_project_review VALUES("163","7","8","13","3","In Progress","284","2012-10-01 11:20:42","279");
INSERT INTO tbl_project_review VALUES("164","7","8","14","3","In Progress","284","2012-10-01 11:20:42","279");
INSERT INTO tbl_project_review VALUES("165","7","8","15","1","In Progress","284","2012-10-01 11:20:42","279");
INSERT INTO tbl_project_review VALUES("166","7","8","16","4","In Progress","284","2012-10-01 11:20:42","279");
INSERT INTO tbl_project_review VALUES("167","7","8","17","3","In Progress","284","2012-10-01 11:20:42","279");
INSERT INTO tbl_project_review VALUES("168","7","8","18","3","In Progress","284","2012-10-01 11:20:42","279");
INSERT INTO tbl_project_review VALUES("169","7","8","19","2","In Progress","284","2012-10-01 11:20:42","279");
INSERT INTO tbl_project_review VALUES("170","7","8","20","3","In Progress","284","2012-10-01 11:20:42","279");
INSERT INTO tbl_project_review VALUES("171","7","8","21","1","In Progress","284","2012-10-01 11:20:42","279");
INSERT INTO tbl_project_review VALUES("172","7","8","22","2","In Progress","284","2012-10-01 11:20:42","279");
INSERT INTO tbl_project_review VALUES("173","7","8","23","3","In Progress","284","2012-10-01 11:20:42","279");
INSERT INTO tbl_project_review VALUES("174","7","8","24","2","In Progress","284","2012-10-01 11:20:42","279");
INSERT INTO tbl_project_review VALUES("175","7","8","25","2","In Progress","284","2012-10-01 11:20:42","279");
INSERT INTO tbl_project_review VALUES("176","8","4","1","2","In Progress","284","2012-10-01 11:23:00","279");
INSERT INTO tbl_project_review VALUES("177","8","4","2","3","In Progress","284","2012-10-01 11:23:00","279");
INSERT INTO tbl_project_review VALUES("178","8","4","3","2","In Progress","284","2012-10-01 11:23:00","279");
INSERT INTO tbl_project_review VALUES("179","8","4","4","1","In Progress","284","2012-10-01 11:23:00","279");
INSERT INTO tbl_project_review VALUES("180","8","4","5","2","In Progress","284","2012-10-01 11:23:00","279");
INSERT INTO tbl_project_review VALUES("181","8","4","6","4","In Progress","284","2012-10-01 11:23:00","279");
INSERT INTO tbl_project_review VALUES("182","8","4","7","3","In Progress","284","2012-10-01 11:23:00","279");
INSERT INTO tbl_project_review VALUES("183","8","4","8","2","In Progress","284","2012-10-01 11:23:00","279");
INSERT INTO tbl_project_review VALUES("184","8","4","9","1","In Progress","284","2012-10-01 11:23:00","279");
INSERT INTO tbl_project_review VALUES("185","8","4","10","1","In Progress","284","2012-10-01 11:23:00","279");
INSERT INTO tbl_project_review VALUES("186","8","4","11","2","In Progress","284","2012-10-01 11:23:00","279");
INSERT INTO tbl_project_review VALUES("187","8","4","12","2","In Progress","284","2012-10-01 11:23:00","279");
INSERT INTO tbl_project_review VALUES("188","8","4","13","3","In Progress","284","2012-10-01 11:23:00","279");
INSERT INTO tbl_project_review VALUES("189","8","4","14","1","In Progress","284","2012-10-01 11:23:00","279");
INSERT INTO tbl_project_review VALUES("190","8","4","15","3","In Progress","284","2012-10-01 11:23:00","279");
INSERT INTO tbl_project_review VALUES("191","8","4","16","4","In Progress","284","2012-10-01 11:23:00","279");
INSERT INTO tbl_project_review VALUES("192","8","4","17","3","In Progress","284","2012-10-01 11:23:00","279");
INSERT INTO tbl_project_review VALUES("193","8","4","18","2","In Progress","284","2012-10-01 11:23:00","279");
INSERT INTO tbl_project_review VALUES("194","8","4","19","4","In Progress","284","2012-10-01 11:23:00","279");
INSERT INTO tbl_project_review VALUES("195","8","4","20","3","In Progress","284","2012-10-01 11:23:00","279");
INSERT INTO tbl_project_review VALUES("196","8","4","21","3","In Progress","284","2012-10-01 11:23:00","279");
INSERT INTO tbl_project_review VALUES("197","8","4","22","2","In Progress","284","2012-10-01 11:23:00","279");
INSERT INTO tbl_project_review VALUES("198","8","4","23","3","In Progress","284","2012-10-01 11:23:00","279");
INSERT INTO tbl_project_review VALUES("199","8","4","24","4","In Progress","284","2012-10-01 11:23:00","279");
INSERT INTO tbl_project_review VALUES("200","8","4","25","1","In Progress","284","2012-10-01 11:23:00","279");
INSERT INTO tbl_project_review VALUES("201","9","9","1","0","In Progress","279","2012-10-02 06:13:37","279");
INSERT INTO tbl_project_review VALUES("202","9","9","2","0","In Progress","279","2012-10-02 06:13:37","279");
INSERT INTO tbl_project_review VALUES("203","9","9","3","3","In Progress","279","2012-10-02 06:13:37","279");
INSERT INTO tbl_project_review VALUES("204","9","9","4","2","In Progress","279","2012-10-02 06:13:37","279");
INSERT INTO tbl_project_review VALUES("205","9","9","5","1","In Progress","279","2012-10-02 06:13:37","279");
INSERT INTO tbl_project_review VALUES("206","9","9","6","0","In Progress","279","2012-10-02 06:13:37","279");
INSERT INTO tbl_project_review VALUES("207","9","9","7","0","In Progress","279","2012-10-02 06:13:37","279");
INSERT INTO tbl_project_review VALUES("208","9","9","8","0","In Progress","279","2012-10-02 06:13:37","279");
INSERT INTO tbl_project_review VALUES("209","9","9","9","0","In Progress","279","2012-10-02 06:13:37","279");
INSERT INTO tbl_project_review VALUES("210","9","9","10","0","In Progress","279","2012-10-02 06:13:37","279");
INSERT INTO tbl_project_review VALUES("211","9","9","11","0","In Progress","279","2012-10-02 06:13:37","279");
INSERT INTO tbl_project_review VALUES("212","9","9","12","0","In Progress","279","2012-10-02 06:13:37","279");
INSERT INTO tbl_project_review VALUES("213","9","9","13","0","In Progress","279","2012-10-02 06:13:37","279");
INSERT INTO tbl_project_review VALUES("214","9","9","14","0","In Progress","279","2012-10-02 06:13:37","279");
INSERT INTO tbl_project_review VALUES("215","9","9","15","0","In Progress","279","2012-10-02 06:13:37","279");
INSERT INTO tbl_project_review VALUES("216","9","9","16","0","In Progress","279","2012-10-02 06:13:37","279");
INSERT INTO tbl_project_review VALUES("217","9","9","17","0","In Progress","279","2012-10-02 06:13:37","279");
INSERT INTO tbl_project_review VALUES("218","9","9","18","0","In Progress","279","2012-10-02 06:13:37","279");
INSERT INTO tbl_project_review VALUES("219","9","9","19","0","In Progress","279","2012-10-02 06:13:37","279");
INSERT INTO tbl_project_review VALUES("220","9","9","20","0","In Progress","279","2012-10-02 06:13:37","279");
INSERT INTO tbl_project_review VALUES("221","9","9","21","0","In Progress","279","2012-10-02 06:13:37","279");
INSERT INTO tbl_project_review VALUES("222","9","9","22","0","In Progress","279","2012-10-02 06:13:37","279");
INSERT INTO tbl_project_review VALUES("223","9","9","23","0","In Progress","279","2012-10-02 06:13:37","279");
INSERT INTO tbl_project_review VALUES("224","9","9","24","0","In Progress","279","2012-10-02 06:13:37","279");
INSERT INTO tbl_project_review VALUES("225","9","9","25","0","In Progress","279","2012-10-02 06:13:37","279");
INSERT INTO tbl_project_review VALUES("226","10","12","1","3","In Progress","279","2012-10-02 12:15:21","279");
INSERT INTO tbl_project_review VALUES("227","10","12","2","3","In Progress","279","2012-10-02 12:15:21","279");
INSERT INTO tbl_project_review VALUES("228","10","12","3","4","In Progress","279","2012-10-02 12:15:21","279");
INSERT INTO tbl_project_review VALUES("229","10","12","4","4","In Progress","279","2012-10-02 12:15:22","279");
INSERT INTO tbl_project_review VALUES("230","10","12","5","4","In Progress","279","2012-10-02 12:15:22","279");
INSERT INTO tbl_project_review VALUES("231","10","12","6","2","In Progress","279","2012-10-02 12:15:22","279");
INSERT INTO tbl_project_review VALUES("232","10","12","7","2","In Progress","279","2012-10-02 12:15:22","279");
INSERT INTO tbl_project_review VALUES("233","10","12","8","3","In Progress","279","2012-10-02 12:15:22","279");
INSERT INTO tbl_project_review VALUES("234","10","12","9","3","In Progress","279","2012-10-02 12:15:22","279");
INSERT INTO tbl_project_review VALUES("235","10","12","10","0","In Progress","279","2012-10-02 12:15:22","279");
INSERT INTO tbl_project_review VALUES("236","10","12","11","4","In Progress","279","2012-10-02 12:15:22","279");
INSERT INTO tbl_project_review VALUES("237","10","12","12","4","In Progress","279","2012-10-02 12:15:22","279");
INSERT INTO tbl_project_review VALUES("238","10","12","13","3","In Progress","279","2012-10-02 12:15:22","279");
INSERT INTO tbl_project_review VALUES("239","10","12","14","3","In Progress","279","2012-10-02 12:15:22","279");
INSERT INTO tbl_project_review VALUES("240","10","12","15","2","In Progress","279","2012-10-02 12:15:22","279");
INSERT INTO tbl_project_review VALUES("241","10","12","16","1","In Progress","279","2012-10-02 12:15:22","279");
INSERT INTO tbl_project_review VALUES("242","10","12","17","2","In Progress","279","2012-10-02 12:15:22","279");
INSERT INTO tbl_project_review VALUES("243","10","12","18","2","In Progress","279","2012-10-02 12:15:22","279");
INSERT INTO tbl_project_review VALUES("244","10","12","19","3","In Progress","279","2012-10-02 12:15:22","279");
INSERT INTO tbl_project_review VALUES("245","10","12","20","4","In Progress","279","2012-10-02 12:15:22","279");
INSERT INTO tbl_project_review VALUES("246","10","12","21","2","In Progress","279","2012-10-02 12:15:22","279");
INSERT INTO tbl_project_review VALUES("247","10","12","22","2","In Progress","279","2012-10-02 12:15:22","279");
INSERT INTO tbl_project_review VALUES("248","10","12","23","3","In Progress","279","2012-10-02 12:15:22","279");
INSERT INTO tbl_project_review VALUES("249","10","12","24","0","In Progress","279","2012-10-02 12:15:22","279");
INSERT INTO tbl_project_review VALUES("250","10","12","25","4","In Progress","279","2012-10-02 12:15:22","279");
INSERT INTO tbl_project_review VALUES("251","11","9","1","4","In Progress","279","2012-10-02 12:28:54","279");
INSERT INTO tbl_project_review VALUES("252","11","9","2","0","In Progress","279","2012-10-02 12:28:54","279");
INSERT INTO tbl_project_review VALUES("253","11","9","3","2","In Progress","279","2012-10-02 12:28:54","279");
INSERT INTO tbl_project_review VALUES("254","11","9","4","1","In Progress","279","2012-10-02 12:28:54","279");
INSERT INTO tbl_project_review VALUES("255","11","9","5","2","In Progress","279","2012-10-02 12:28:54","279");
INSERT INTO tbl_project_review VALUES("256","11","9","6","2","In Progress","279","2012-10-02 12:28:54","279");
INSERT INTO tbl_project_review VALUES("257","11","9","7","3","In Progress","279","2012-10-02 12:28:54","279");
INSERT INTO tbl_project_review VALUES("258","11","9","8","4","In Progress","279","2012-10-02 12:28:54","279");
INSERT INTO tbl_project_review VALUES("259","11","9","9","4","In Progress","279","2012-10-02 12:28:54","279");
INSERT INTO tbl_project_review VALUES("260","11","9","10","2","In Progress","279","2012-10-02 12:28:54","279");
INSERT INTO tbl_project_review VALUES("261","11","9","11","1","In Progress","279","2012-10-02 12:28:54","279");
INSERT INTO tbl_project_review VALUES("262","11","9","12","2","In Progress","279","2012-10-02 12:28:54","279");
INSERT INTO tbl_project_review VALUES("263","11","9","13","3","In Progress","279","2012-10-02 12:28:54","279");
INSERT INTO tbl_project_review VALUES("264","11","9","14","4","In Progress","279","2012-10-02 12:28:54","279");
INSERT INTO tbl_project_review VALUES("265","11","9","15","4","In Progress","279","2012-10-02 12:28:54","279");
INSERT INTO tbl_project_review VALUES("266","11","9","16","4","In Progress","279","2012-10-02 12:28:54","279");
INSERT INTO tbl_project_review VALUES("267","11","9","17","4","In Progress","279","2012-10-02 12:28:54","279");
INSERT INTO tbl_project_review VALUES("268","11","9","18","3","In Progress","279","2012-10-02 12:28:54","279");
INSERT INTO tbl_project_review VALUES("269","11","9","19","4","In Progress","279","2012-10-02 12:28:54","279");
INSERT INTO tbl_project_review VALUES("270","11","9","20","4","In Progress","279","2012-10-02 12:28:54","279");
INSERT INTO tbl_project_review VALUES("271","11","9","21","3","In Progress","279","2012-10-02 12:28:54","279");
INSERT INTO tbl_project_review VALUES("272","11","9","22","3","In Progress","279","2012-10-02 12:28:54","279");
INSERT INTO tbl_project_review VALUES("273","11","9","23","4","In Progress","279","2012-10-02 12:28:54","279");
INSERT INTO tbl_project_review VALUES("274","11","9","24","4","In Progress","279","2012-10-02 12:28:54","279");
INSERT INTO tbl_project_review VALUES("275","11","9","25","4","In Progress","279","2012-10-02 12:28:54","279");
INSERT INTO tbl_project_review VALUES("276","12","9","1","3","In Progress","279","2012-10-03 09:04:30","279");
INSERT INTO tbl_project_review VALUES("277","12","9","2","3","In Progress","279","2012-10-03 09:04:30","279");
INSERT INTO tbl_project_review VALUES("278","12","9","3","2","In Progress","279","2012-10-03 09:04:30","279");
INSERT INTO tbl_project_review VALUES("279","12","9","4","2","In Progress","279","2012-10-03 09:04:30","279");
INSERT INTO tbl_project_review VALUES("280","12","9","5","3","In Progress","279","2012-10-03 09:04:30","279");
INSERT INTO tbl_project_review VALUES("281","12","9","6","3","In Progress","279","2012-10-03 09:04:30","279");
INSERT INTO tbl_project_review VALUES("282","12","9","7","2","In Progress","279","2012-10-03 09:04:30","279");
INSERT INTO tbl_project_review VALUES("283","12","9","8","0","In Progress","279","2012-10-03 09:04:30","279");
INSERT INTO tbl_project_review VALUES("284","12","9","9","4","In Progress","279","2012-10-03 09:04:30","279");
INSERT INTO tbl_project_review VALUES("285","12","9","10","3","In Progress","279","2012-10-03 09:04:30","279");
INSERT INTO tbl_project_review VALUES("286","12","9","11","2","In Progress","279","2012-10-03 09:04:30","279");
INSERT INTO tbl_project_review VALUES("287","12","9","12","1","In Progress","279","2012-10-03 09:04:30","279");
INSERT INTO tbl_project_review VALUES("288","12","9","13","3","In Progress","279","2012-10-03 09:04:30","279");
INSERT INTO tbl_project_review VALUES("289","12","9","14","3","In Progress","279","2012-10-03 09:04:30","279");
INSERT INTO tbl_project_review VALUES("290","12","9","15","4","In Progress","279","2012-10-03 09:04:30","279");
INSERT INTO tbl_project_review VALUES("291","12","9","16","0","In Progress","279","2012-10-03 09:04:30","279");
INSERT INTO tbl_project_review VALUES("292","12","9","17","4","In Progress","279","2012-10-03 09:04:30","279");
INSERT INTO tbl_project_review VALUES("293","12","9","18","3","In Progress","279","2012-10-03 09:04:30","279");
INSERT INTO tbl_project_review VALUES("294","12","9","19","3","In Progress","279","2012-10-03 09:04:30","279");
INSERT INTO tbl_project_review VALUES("295","12","9","20","4","In Progress","279","2012-10-03 09:04:30","279");
INSERT INTO tbl_project_review VALUES("296","12","9","21","4","In Progress","279","2012-10-03 09:04:30","279");
INSERT INTO tbl_project_review VALUES("297","12","9","22","4","In Progress","279","2012-10-03 09:04:30","279");
INSERT INTO tbl_project_review VALUES("298","12","9","23","4","In Progress","279","2012-10-03 09:04:30","279");
INSERT INTO tbl_project_review VALUES("299","12","9","24","3","In Progress","279","2012-10-03 09:04:30","279");
INSERT INTO tbl_project_review VALUES("300","12","9","25","3","In Progress","279","2012-10-03 09:04:30","279");
INSERT INTO tbl_project_review VALUES("301","13","10","1","0","In Progress","279","2012-10-03 13:00:45","279");
INSERT INTO tbl_project_review VALUES("302","13","10","2","0","In Progress","279","2012-10-03 13:00:45","279");
INSERT INTO tbl_project_review VALUES("303","13","10","3","0","In Progress","279","2012-10-03 13:00:45","279");
INSERT INTO tbl_project_review VALUES("304","13","10","4","0","In Progress","279","2012-10-03 13:00:45","279");
INSERT INTO tbl_project_review VALUES("305","13","10","5","0","In Progress","279","2012-10-03 13:00:45","279");
INSERT INTO tbl_project_review VALUES("306","13","10","6","0","In Progress","279","2012-10-03 13:00:45","279");
INSERT INTO tbl_project_review VALUES("307","13","10","7","0","In Progress","279","2012-10-03 13:00:45","279");
INSERT INTO tbl_project_review VALUES("308","13","10","8","0","In Progress","279","2012-10-03 13:00:45","279");
INSERT INTO tbl_project_review VALUES("309","13","10","9","0","In Progress","279","2012-10-03 13:00:45","279");
INSERT INTO tbl_project_review VALUES("310","13","10","10","0","In Progress","279","2012-10-03 13:00:45","279");
INSERT INTO tbl_project_review VALUES("311","13","10","11","0","In Progress","279","2012-10-03 13:00:45","279");
INSERT INTO tbl_project_review VALUES("312","13","10","12","0","In Progress","279","2012-10-03 13:00:45","279");
INSERT INTO tbl_project_review VALUES("313","13","10","13","0","In Progress","279","2012-10-03 13:00:45","279");
INSERT INTO tbl_project_review VALUES("314","13","10","14","0","In Progress","279","2012-10-03 13:00:45","279");
INSERT INTO tbl_project_review VALUES("315","13","10","15","0","In Progress","279","2012-10-03 13:00:45","279");
INSERT INTO tbl_project_review VALUES("316","13","10","16","0","In Progress","279","2012-10-03 13:00:45","279");
INSERT INTO tbl_project_review VALUES("317","13","10","17","2","In Progress","279","2012-10-03 13:00:45","279");
INSERT INTO tbl_project_review VALUES("318","13","10","18","0","In Progress","279","2012-10-03 13:00:45","279");
INSERT INTO tbl_project_review VALUES("319","13","10","19","4","In Progress","279","2012-10-03 13:00:45","279");
INSERT INTO tbl_project_review VALUES("320","13","10","20","0","In Progress","279","2012-10-03 13:00:45","279");
INSERT INTO tbl_project_review VALUES("321","13","10","21","0","In Progress","279","2012-10-03 13:00:45","279");
INSERT INTO tbl_project_review VALUES("322","13","10","22","0","In Progress","279","2012-10-03 13:00:45","279");
INSERT INTO tbl_project_review VALUES("323","13","10","23","2","In Progress","279","2012-10-03 13:00:45","279");
INSERT INTO tbl_project_review VALUES("324","13","10","24","0","In Progress","279","2012-10-03 13:00:45","279");
INSERT INTO tbl_project_review VALUES("325","13","10","25","4","In Progress","279","2012-10-03 13:00:45","279");
INSERT INTO tbl_project_review VALUES("326","14","8","1","4","Completed","279","2012-10-05 10:44:33","279");
INSERT INTO tbl_project_review VALUES("327","14","8","2","3","Completed","279","2012-10-05 10:44:33","279");
INSERT INTO tbl_project_review VALUES("328","14","8","3","2","Completed","279","2012-10-05 10:44:33","279");
INSERT INTO tbl_project_review VALUES("329","14","8","4","2","Completed","279","2012-10-05 10:44:33","279");
INSERT INTO tbl_project_review VALUES("330","14","8","5","3","Completed","279","2012-10-05 10:44:33","279");
INSERT INTO tbl_project_review VALUES("331","14","8","6","4","Completed","279","2012-10-05 10:44:33","279");
INSERT INTO tbl_project_review VALUES("332","14","8","7","3","Completed","279","2012-10-05 10:44:33","279");
INSERT INTO tbl_project_review VALUES("333","14","8","8","4","Completed","279","2012-10-05 10:44:33","279");
INSERT INTO tbl_project_review VALUES("334","14","8","9","4","Completed","279","2012-10-05 10:44:33","279");
INSERT INTO tbl_project_review VALUES("335","14","8","10","4","Completed","279","2012-10-05 10:44:33","279");
INSERT INTO tbl_project_review VALUES("336","14","8","11","4","Completed","279","2012-10-05 10:44:33","279");
INSERT INTO tbl_project_review VALUES("337","14","8","12","4","Completed","279","2012-10-05 10:44:33","279");
INSERT INTO tbl_project_review VALUES("338","14","8","13","3","Completed","279","2012-10-05 10:44:33","279");
INSERT INTO tbl_project_review VALUES("339","14","8","14","3","Completed","279","2012-10-05 10:44:33","279");
INSERT INTO tbl_project_review VALUES("340","14","8","15","0","Completed","279","2012-10-05 10:44:33","279");
INSERT INTO tbl_project_review VALUES("341","14","8","16","4","Completed","279","2012-10-05 10:44:33","279");
INSERT INTO tbl_project_review VALUES("342","14","8","17","4","Completed","279","2012-10-05 10:44:33","279");
INSERT INTO tbl_project_review VALUES("343","14","8","18","0","Completed","279","2012-10-05 10:44:33","279");
INSERT INTO tbl_project_review VALUES("344","14","8","19","4","Completed","279","2012-10-05 10:44:33","279");
INSERT INTO tbl_project_review VALUES("345","14","8","20","4","Completed","279","2012-10-05 10:44:33","279");
INSERT INTO tbl_project_review VALUES("346","14","8","21","3","Completed","279","2012-10-05 10:44:33","279");
INSERT INTO tbl_project_review VALUES("347","14","8","22","3","Completed","279","2012-10-05 10:44:33","279");
INSERT INTO tbl_project_review VALUES("348","14","8","23","3","Completed","279","2012-10-05 10:44:33","279");
INSERT INTO tbl_project_review VALUES("349","14","8","24","1","Completed","279","2012-10-05 10:44:33","279");
INSERT INTO tbl_project_review VALUES("350","14","8","25","2","Completed","279","2012-10-05 10:44:33","279");
INSERT INTO tbl_project_review VALUES("351","15","4","1","4","Completed","279","2012-10-05 10:53:38","279");
INSERT INTO tbl_project_review VALUES("352","15","4","2","3","Completed","279","2012-10-05 10:53:38","279");
INSERT INTO tbl_project_review VALUES("353","15","4","3","3","Completed","279","2012-10-05 10:53:38","279");
INSERT INTO tbl_project_review VALUES("354","15","4","4","3","Completed","279","2012-10-05 10:53:38","279");
INSERT INTO tbl_project_review VALUES("355","15","4","5","2","Completed","279","2012-10-05 10:53:38","279");
INSERT INTO tbl_project_review VALUES("356","15","4","6","2","Completed","279","2012-10-05 10:53:38","279");
INSERT INTO tbl_project_review VALUES("357","15","4","7","2","Completed","279","2012-10-05 10:53:38","279");
INSERT INTO tbl_project_review VALUES("358","15","4","8","3","Completed","279","2012-10-05 10:53:38","279");
INSERT INTO tbl_project_review VALUES("359","15","4","9","3","Completed","279","2012-10-05 10:53:38","279");
INSERT INTO tbl_project_review VALUES("360","15","4","10","4","Completed","279","2012-10-05 10:53:38","279");
INSERT INTO tbl_project_review VALUES("361","15","4","11","4","Completed","279","2012-10-05 10:53:38","279");
INSERT INTO tbl_project_review VALUES("362","15","4","12","4","Completed","279","2012-10-05 10:53:38","279");
INSERT INTO tbl_project_review VALUES("363","15","4","13","4","Completed","279","2012-10-05 10:53:38","279");
INSERT INTO tbl_project_review VALUES("364","15","4","14","3","Completed","279","2012-10-05 10:53:38","279");
INSERT INTO tbl_project_review VALUES("365","15","4","15","3","Completed","279","2012-10-05 10:53:38","279");
INSERT INTO tbl_project_review VALUES("366","15","4","16","4","Completed","279","2012-10-05 10:53:38","279");
INSERT INTO tbl_project_review VALUES("367","15","4","17","4","Completed","279","2012-10-05 10:53:38","279");
INSERT INTO tbl_project_review VALUES("368","15","4","18","4","Completed","279","2012-10-05 10:53:38","279");
INSERT INTO tbl_project_review VALUES("369","15","4","19","3","Completed","279","2012-10-05 10:53:38","279");
INSERT INTO tbl_project_review VALUES("370","15","4","20","3","Completed","279","2012-10-05 10:53:38","279");
INSERT INTO tbl_project_review VALUES("371","15","4","21","4","Completed","279","2012-10-05 10:53:38","279");
INSERT INTO tbl_project_review VALUES("372","15","4","22","4","Completed","279","2012-10-05 10:53:38","279");
INSERT INTO tbl_project_review VALUES("373","15","4","23","4","Completed","279","2012-10-05 10:53:38","279");
INSERT INTO tbl_project_review VALUES("374","15","4","24","3","Completed","279","2012-10-05 10:53:38","279");
INSERT INTO tbl_project_review VALUES("375","15","4","25","3","Completed","279","2012-10-05 10:53:38","279");
INSERT INTO tbl_project_review VALUES("376","16","1","1","4","In Progress","279","2012-10-05 10:58:02","279");
INSERT INTO tbl_project_review VALUES("377","16","1","2","3","In Progress","279","2012-10-05 10:58:02","279");
INSERT INTO tbl_project_review VALUES("378","16","1","3","3","In Progress","279","2012-10-05 10:58:02","279");
INSERT INTO tbl_project_review VALUES("379","16","1","4","3","In Progress","279","2012-10-05 10:58:02","279");
INSERT INTO tbl_project_review VALUES("380","16","1","5","2","In Progress","279","2012-10-05 10:58:02","279");
INSERT INTO tbl_project_review VALUES("381","16","1","6","1","In Progress","279","2012-10-05 10:58:02","279");
INSERT INTO tbl_project_review VALUES("382","16","1","7","2","In Progress","279","2012-10-05 10:58:02","279");
INSERT INTO tbl_project_review VALUES("383","16","1","8","3","In Progress","279","2012-10-05 10:58:02","279");
INSERT INTO tbl_project_review VALUES("384","16","1","9","3","In Progress","279","2012-10-05 10:58:02","279");
INSERT INTO tbl_project_review VALUES("385","16","1","10","4","In Progress","279","2012-10-05 10:58:02","279");
INSERT INTO tbl_project_review VALUES("386","16","1","11","4","In Progress","279","2012-10-05 10:58:02","279");
INSERT INTO tbl_project_review VALUES("387","16","1","12","0","In Progress","279","2012-10-05 10:58:02","279");
INSERT INTO tbl_project_review VALUES("388","16","1","13","3","In Progress","279","2012-10-05 10:58:02","279");
INSERT INTO tbl_project_review VALUES("389","16","1","14","2","In Progress","279","2012-10-05 10:58:02","279");
INSERT INTO tbl_project_review VALUES("390","16","1","15","2","In Progress","279","2012-10-05 10:58:02","279");
INSERT INTO tbl_project_review VALUES("391","16","1","16","2","In Progress","279","2012-10-05 10:58:02","279");
INSERT INTO tbl_project_review VALUES("392","16","1","17","3","In Progress","279","2012-10-05 10:58:02","279");
INSERT INTO tbl_project_review VALUES("393","16","1","18","0","In Progress","279","2012-10-05 10:58:02","279");
INSERT INTO tbl_project_review VALUES("394","16","1","19","4","In Progress","279","2012-10-05 10:58:02","279");
INSERT INTO tbl_project_review VALUES("395","16","1","20","1","In Progress","279","2012-10-05 10:58:02","279");
INSERT INTO tbl_project_review VALUES("396","16","1","21","3","In Progress","279","2012-10-05 10:58:02","279");
INSERT INTO tbl_project_review VALUES("397","16","1","22","4","In Progress","279","2012-10-05 10:58:02","279");
INSERT INTO tbl_project_review VALUES("398","16","1","23","1","In Progress","279","2012-10-05 10:58:02","279");
INSERT INTO tbl_project_review VALUES("399","16","1","24","3","In Progress","279","2012-10-05 10:58:02","279");
INSERT INTO tbl_project_review VALUES("400","16","1","25","2","In Progress","279","2012-10-05 10:58:02","279");
INSERT INTO tbl_project_review VALUES("401","17","3","1","4","In Progress","279","2012-10-05 11:02:15","279");
INSERT INTO tbl_project_review VALUES("402","17","3","2","3","In Progress","279","2012-10-05 11:02:15","279");
INSERT INTO tbl_project_review VALUES("403","17","3","3","3","In Progress","279","2012-10-05 11:02:15","279");
INSERT INTO tbl_project_review VALUES("404","17","3","4","4","In Progress","279","2012-10-05 11:02:15","279");
INSERT INTO tbl_project_review VALUES("405","17","3","5","1","In Progress","279","2012-10-05 11:02:15","279");
INSERT INTO tbl_project_review VALUES("406","17","3","6","2","In Progress","279","2012-10-05 11:02:15","279");
INSERT INTO tbl_project_review VALUES("407","17","3","7","2","In Progress","279","2012-10-05 11:02:15","279");
INSERT INTO tbl_project_review VALUES("408","17","3","8","3","In Progress","279","2012-10-05 11:02:15","279");
INSERT INTO tbl_project_review VALUES("409","17","3","9","1","In Progress","279","2012-10-05 11:02:15","279");
INSERT INTO tbl_project_review VALUES("410","17","3","10","3","In Progress","279","2012-10-05 11:02:15","279");
INSERT INTO tbl_project_review VALUES("411","17","3","11","4","In Progress","279","2012-10-05 11:02:15","279");
INSERT INTO tbl_project_review VALUES("412","17","3","12","4","In Progress","279","2012-10-05 11:02:15","279");
INSERT INTO tbl_project_review VALUES("413","17","3","13","3","In Progress","279","2012-10-05 11:02:15","279");
INSERT INTO tbl_project_review VALUES("414","17","3","14","3","In Progress","279","2012-10-05 11:02:15","279");
INSERT INTO tbl_project_review VALUES("415","17","3","15","4","In Progress","279","2012-10-05 11:02:15","279");
INSERT INTO tbl_project_review VALUES("416","17","3","16","3","In Progress","279","2012-10-05 11:02:15","279");
INSERT INTO tbl_project_review VALUES("417","17","3","17","3","In Progress","279","2012-10-05 11:02:15","279");
INSERT INTO tbl_project_review VALUES("418","17","3","18","2","In Progress","279","2012-10-05 11:02:15","279");
INSERT INTO tbl_project_review VALUES("419","17","3","19","4","In Progress","279","2012-10-05 11:02:15","279");
INSERT INTO tbl_project_review VALUES("420","17","3","20","4","In Progress","279","2012-10-05 11:02:15","279");
INSERT INTO tbl_project_review VALUES("421","17","3","21","4","In Progress","279","2012-10-05 11:02:15","279");
INSERT INTO tbl_project_review VALUES("422","17","3","22","4","In Progress","279","2012-10-05 11:02:15","279");
INSERT INTO tbl_project_review VALUES("423","17","3","23","3","In Progress","279","2012-10-05 11:02:15","279");
INSERT INTO tbl_project_review VALUES("424","17","3","24","3","In Progress","279","2012-10-05 11:02:15","279");
INSERT INTO tbl_project_review VALUES("425","17","3","25","4","In Progress","279","2012-10-05 11:02:15","279");
INSERT INTO tbl_project_review VALUES("426","18","2","1","2","In Progress","279","2012-10-05 11:04:49","279");
INSERT INTO tbl_project_review VALUES("427","18","2","2","2","In Progress","279","2012-10-05 11:04:49","279");
INSERT INTO tbl_project_review VALUES("428","18","2","3","3","In Progress","279","2012-10-05 11:04:49","279");
INSERT INTO tbl_project_review VALUES("429","18","2","4","3","In Progress","279","2012-10-05 11:04:49","279");
INSERT INTO tbl_project_review VALUES("430","18","2","5","4","In Progress","279","2012-10-05 11:04:49","279");
INSERT INTO tbl_project_review VALUES("431","18","2","6","4","In Progress","279","2012-10-05 11:04:49","279");
INSERT INTO tbl_project_review VALUES("432","18","2","7","4","In Progress","279","2012-10-05 11:04:49","279");
INSERT INTO tbl_project_review VALUES("433","18","2","8","3","In Progress","279","2012-10-05 11:04:49","279");
INSERT INTO tbl_project_review VALUES("434","18","2","9","3","In Progress","279","2012-10-05 11:04:49","279");
INSERT INTO tbl_project_review VALUES("435","18","2","10","4","In Progress","279","2012-10-05 11:04:49","279");
INSERT INTO tbl_project_review VALUES("436","18","2","11","4","In Progress","279","2012-10-05 11:04:49","279");
INSERT INTO tbl_project_review VALUES("437","18","2","12","4","In Progress","279","2012-10-05 11:04:49","279");
INSERT INTO tbl_project_review VALUES("438","18","2","13","3","In Progress","279","2012-10-05 11:04:49","279");
INSERT INTO tbl_project_review VALUES("439","18","2","14","2","In Progress","279","2012-10-05 11:04:49","279");
INSERT INTO tbl_project_review VALUES("440","18","2","15","2","In Progress","279","2012-10-05 11:04:49","279");
INSERT INTO tbl_project_review VALUES("441","18","2","16","4","In Progress","279","2012-10-05 11:04:49","279");
INSERT INTO tbl_project_review VALUES("442","18","2","17","4","In Progress","279","2012-10-05 11:04:49","279");
INSERT INTO tbl_project_review VALUES("443","18","2","18","3","In Progress","279","2012-10-05 11:04:49","279");
INSERT INTO tbl_project_review VALUES("444","18","2","19","4","In Progress","279","2012-10-05 11:04:49","279");
INSERT INTO tbl_project_review VALUES("445","18","2","20","1","In Progress","279","2012-10-05 11:04:49","279");
INSERT INTO tbl_project_review VALUES("446","18","2","21","2","In Progress","279","2012-10-05 11:04:49","279");
INSERT INTO tbl_project_review VALUES("447","18","2","22","2","In Progress","279","2012-10-05 11:04:49","279");
INSERT INTO tbl_project_review VALUES("448","18","2","23","3","In Progress","279","2012-10-05 11:04:49","279");
INSERT INTO tbl_project_review VALUES("449","18","2","24","2","In Progress","279","2012-10-05 11:04:49","279");
INSERT INTO tbl_project_review VALUES("450","18","2","25","1","In Progress","279","2012-10-05 11:04:49","279");
INSERT INTO tbl_project_review VALUES("451","19","2","1","4","In Progress","279","2012-10-05 11:09:09","279");
INSERT INTO tbl_project_review VALUES("452","19","2","2","3","In Progress","279","2012-10-05 11:09:09","279");
INSERT INTO tbl_project_review VALUES("453","19","2","3","3","In Progress","279","2012-10-05 11:09:09","279");
INSERT INTO tbl_project_review VALUES("454","19","2","4","3","In Progress","279","2012-10-05 11:09:09","279");
INSERT INTO tbl_project_review VALUES("455","19","2","5","4","In Progress","279","2012-10-05 11:09:09","279");
INSERT INTO tbl_project_review VALUES("456","19","2","6","4","In Progress","279","2012-10-05 11:09:09","279");
INSERT INTO tbl_project_review VALUES("457","19","2","7","4","In Progress","279","2012-10-05 11:09:09","279");
INSERT INTO tbl_project_review VALUES("458","19","2","8","3","In Progress","279","2012-10-05 11:09:09","279");
INSERT INTO tbl_project_review VALUES("459","19","2","9","3","In Progress","279","2012-10-05 11:09:09","279");
INSERT INTO tbl_project_review VALUES("460","19","2","10","4","In Progress","279","2012-10-05 11:09:09","279");
INSERT INTO tbl_project_review VALUES("461","19","2","11","4","In Progress","279","2012-10-05 11:09:09","279");
INSERT INTO tbl_project_review VALUES("462","19","2","12","4","In Progress","279","2012-10-05 11:09:09","279");
INSERT INTO tbl_project_review VALUES("463","19","2","13","3","In Progress","279","2012-10-05 11:09:09","279");
INSERT INTO tbl_project_review VALUES("464","19","2","14","3","In Progress","279","2012-10-05 11:09:09","279");
INSERT INTO tbl_project_review VALUES("465","19","2","15","4","In Progress","279","2012-10-05 11:09:09","279");
INSERT INTO tbl_project_review VALUES("466","19","2","16","2","In Progress","279","2012-10-05 11:09:09","279");
INSERT INTO tbl_project_review VALUES("467","19","2","17","2","In Progress","279","2012-10-05 11:09:09","279");
INSERT INTO tbl_project_review VALUES("468","19","2","18","2","In Progress","279","2012-10-05 11:09:09","279");
INSERT INTO tbl_project_review VALUES("469","19","2","19","1","In Progress","279","2012-10-05 11:09:09","279");
INSERT INTO tbl_project_review VALUES("470","19","2","20","1","In Progress","279","2012-10-05 11:09:09","279");
INSERT INTO tbl_project_review VALUES("471","19","2","21","0","In Progress","279","2012-10-05 11:09:09","279");
INSERT INTO tbl_project_review VALUES("472","19","2","22","3","In Progress","279","2012-10-05 11:09:09","279");
INSERT INTO tbl_project_review VALUES("473","19","2","23","3","In Progress","279","2012-10-05 11:09:09","279");
INSERT INTO tbl_project_review VALUES("474","19","2","24","2","In Progress","279","2012-10-05 11:09:09","279");
INSERT INTO tbl_project_review VALUES("475","19","2","25","4","In Progress","279","2012-10-05 11:09:09","279");
INSERT INTO tbl_project_review VALUES("476","20","6","1","2","In Progress","279","2012-10-05 11:11:48","279");
INSERT INTO tbl_project_review VALUES("477","20","6","2","2","In Progress","279","2012-10-05 11:11:48","279");
INSERT INTO tbl_project_review VALUES("478","20","6","3","3","In Progress","279","2012-10-05 11:11:48","279");
INSERT INTO tbl_project_review VALUES("479","20","6","4","4","In Progress","279","2012-10-05 11:11:48","279");
INSERT INTO tbl_project_review VALUES("480","20","6","5","4","In Progress","279","2012-10-05 11:11:48","279");
INSERT INTO tbl_project_review VALUES("481","20","6","6","4","In Progress","279","2012-10-05 11:11:48","279");
INSERT INTO tbl_project_review VALUES("482","20","6","7","4","In Progress","279","2012-10-05 11:11:48","279");
INSERT INTO tbl_project_review VALUES("483","20","6","8","3","In Progress","279","2012-10-05 11:11:48","279");
INSERT INTO tbl_project_review VALUES("484","20","6","9","3","In Progress","279","2012-10-05 11:11:48","279");
INSERT INTO tbl_project_review VALUES("485","20","6","10","1","In Progress","279","2012-10-05 11:11:48","279");
INSERT INTO tbl_project_review VALUES("486","20","6","11","1","In Progress","279","2012-10-05 11:11:48","279");
INSERT INTO tbl_project_review VALUES("487","20","6","12","2","In Progress","279","2012-10-05 11:11:48","279");
INSERT INTO tbl_project_review VALUES("488","20","6","13","3","In Progress","279","2012-10-05 11:11:48","279");
INSERT INTO tbl_project_review VALUES("489","20","6","14","3","In Progress","279","2012-10-05 11:11:48","279");
INSERT INTO tbl_project_review VALUES("490","20","6","15","4","In Progress","279","2012-10-05 11:11:48","279");
INSERT INTO tbl_project_review VALUES("491","20","6","16","4","In Progress","279","2012-10-05 11:11:48","279");
INSERT INTO tbl_project_review VALUES("492","20","6","17","2","In Progress","279","2012-10-05 11:11:48","279");
INSERT INTO tbl_project_review VALUES("493","20","6","18","3","In Progress","279","2012-10-05 11:11:48","279");
INSERT INTO tbl_project_review VALUES("494","20","6","19","3","In Progress","279","2012-10-05 11:11:48","279");
INSERT INTO tbl_project_review VALUES("495","20","6","20","4","In Progress","279","2012-10-05 11:11:48","279");
INSERT INTO tbl_project_review VALUES("496","20","6","21","2","In Progress","279","2012-10-05 11:11:48","279");
INSERT INTO tbl_project_review VALUES("497","20","6","22","2","In Progress","279","2012-10-05 11:11:48","279");
INSERT INTO tbl_project_review VALUES("498","20","6","23","1","In Progress","279","2012-10-05 11:11:48","279");
INSERT INTO tbl_project_review VALUES("499","20","6","24","2","In Progress","279","2012-10-05 11:11:48","279");
INSERT INTO tbl_project_review VALUES("500","20","6","25","0","In Progress","279","2012-10-05 11:11:48","279");
INSERT INTO tbl_project_review VALUES("501","21","12","1","3","In Progress","279","2012-10-05 11:16:13","279");
INSERT INTO tbl_project_review VALUES("502","21","12","2","3","In Progress","279","2012-10-05 11:16:13","279");
INSERT INTO tbl_project_review VALUES("503","21","12","3","2","In Progress","279","2012-10-05 11:16:13","279");
INSERT INTO tbl_project_review VALUES("504","21","12","4","2","In Progress","279","2012-10-05 11:16:13","279");
INSERT INTO tbl_project_review VALUES("505","21","12","5","1","In Progress","279","2012-10-05 11:16:13","279");
INSERT INTO tbl_project_review VALUES("506","21","12","6","1","In Progress","279","2012-10-05 11:16:13","279");
INSERT INTO tbl_project_review VALUES("507","21","12","7","2","In Progress","279","2012-10-05 11:16:13","279");
INSERT INTO tbl_project_review VALUES("508","21","12","8","2","In Progress","279","2012-10-05 11:16:13","279");
INSERT INTO tbl_project_review VALUES("509","21","12","9","3","In Progress","279","2012-10-05 11:16:13","279");
INSERT INTO tbl_project_review VALUES("510","21","12","10","3","In Progress","279","2012-10-05 11:16:13","279");
INSERT INTO tbl_project_review VALUES("511","21","12","11","4","In Progress","279","2012-10-05 11:16:13","279");
INSERT INTO tbl_project_review VALUES("512","21","12","12","4","In Progress","279","2012-10-05 11:16:13","279");
INSERT INTO tbl_project_review VALUES("513","21","12","13","3","In Progress","279","2012-10-05 11:16:13","279");
INSERT INTO tbl_project_review VALUES("514","21","12","14","3","In Progress","279","2012-10-05 11:16:13","279");
INSERT INTO tbl_project_review VALUES("515","21","12","15","2","In Progress","279","2012-10-05 11:16:13","279");
INSERT INTO tbl_project_review VALUES("516","21","12","16","1","In Progress","279","2012-10-05 11:16:13","279");
INSERT INTO tbl_project_review VALUES("517","21","12","17","2","In Progress","279","2012-10-05 11:16:13","279");
INSERT INTO tbl_project_review VALUES("518","21","12","18","2","In Progress","279","2012-10-05 11:16:13","279");
INSERT INTO tbl_project_review VALUES("519","21","12","19","3","In Progress","279","2012-10-05 11:16:13","279");
INSERT INTO tbl_project_review VALUES("520","21","12","20","4","In Progress","279","2012-10-05 11:16:13","279");
INSERT INTO tbl_project_review VALUES("521","21","12","21","4","In Progress","279","2012-10-05 11:16:13","279");
INSERT INTO tbl_project_review VALUES("522","21","12","22","3","In Progress","279","2012-10-05 11:16:13","279");
INSERT INTO tbl_project_review VALUES("523","21","12","23","3","In Progress","279","2012-10-05 11:16:13","279");
INSERT INTO tbl_project_review VALUES("524","21","12","24","2","In Progress","279","2012-10-05 11:16:13","279");
INSERT INTO tbl_project_review VALUES("525","21","12","25","2","In Progress","279","2012-10-05 11:16:13","279");
INSERT INTO tbl_project_review VALUES("526","23","11","1","4","In Progress","279","2012-10-05 12:07:29","279");
INSERT INTO tbl_project_review VALUES("527","23","11","2","4","In Progress","279","2012-10-05 12:07:29","279");
INSERT INTO tbl_project_review VALUES("528","23","11","3","3","In Progress","279","2012-10-05 12:07:29","279");
INSERT INTO tbl_project_review VALUES("529","23","11","4","3","In Progress","279","2012-10-05 12:07:29","279");
INSERT INTO tbl_project_review VALUES("530","23","11","5","2","In Progress","279","2012-10-05 12:07:29","279");
INSERT INTO tbl_project_review VALUES("531","23","11","6","0","In Progress","279","2012-10-05 12:07:29","279");
INSERT INTO tbl_project_review VALUES("532","23","11","7","0","In Progress","279","2012-10-05 12:07:29","279");
INSERT INTO tbl_project_review VALUES("533","23","11","8","0","In Progress","279","2012-10-05 12:07:29","279");
INSERT INTO tbl_project_review VALUES("534","23","11","9","0","In Progress","279","2012-10-05 12:07:29","279");
INSERT INTO tbl_project_review VALUES("535","23","11","10","0","In Progress","279","2012-10-05 12:07:29","279");
INSERT INTO tbl_project_review VALUES("536","23","11","11","0","In Progress","279","2012-10-05 12:07:29","279");
INSERT INTO tbl_project_review VALUES("537","23","11","12","0","In Progress","279","2012-10-05 12:07:29","279");
INSERT INTO tbl_project_review VALUES("538","23","11","13","0","In Progress","279","2012-10-05 12:07:29","279");
INSERT INTO tbl_project_review VALUES("539","23","11","14","0","In Progress","279","2012-10-05 12:07:29","279");
INSERT INTO tbl_project_review VALUES("540","23","11","15","0","In Progress","279","2012-10-05 12:07:29","279");
INSERT INTO tbl_project_review VALUES("541","23","11","16","0","In Progress","279","2012-10-05 12:07:29","279");
INSERT INTO tbl_project_review VALUES("542","23","11","17","0","In Progress","279","2012-10-05 12:07:29","279");
INSERT INTO tbl_project_review VALUES("543","23","11","18","0","In Progress","279","2012-10-05 12:07:29","279");
INSERT INTO tbl_project_review VALUES("544","23","11","19","0","In Progress","279","2012-10-05 12:07:29","279");
INSERT INTO tbl_project_review VALUES("545","23","11","20","0","In Progress","279","2012-10-05 12:07:29","279");
INSERT INTO tbl_project_review VALUES("546","23","11","21","0","In Progress","279","2012-10-05 12:07:29","279");
INSERT INTO tbl_project_review VALUES("547","23","11","22","0","In Progress","279","2012-10-05 12:07:29","279");
INSERT INTO tbl_project_review VALUES("548","23","11","23","0","In Progress","279","2012-10-05 12:07:29","279");
INSERT INTO tbl_project_review VALUES("549","23","11","24","0","In Progress","279","2012-10-05 12:07:29","279");
INSERT INTO tbl_project_review VALUES("550","23","11","25","0","In Progress","279","2012-10-05 12:07:29","279");
INSERT INTO tbl_project_review VALUES("551","24","11","1","4","Completed","279","2012-10-05 12:13:30","279");
INSERT INTO tbl_project_review VALUES("552","24","11","2","3","Completed","279","2012-10-05 12:13:30","279");
INSERT INTO tbl_project_review VALUES("553","24","11","3","3","Completed","279","2012-10-05 12:13:30","279");
INSERT INTO tbl_project_review VALUES("554","24","11","4","2","Completed","279","2012-10-05 12:13:30","279");
INSERT INTO tbl_project_review VALUES("555","24","11","5","2","Completed","279","2012-10-05 12:13:30","279");
INSERT INTO tbl_project_review VALUES("556","24","11","6","3","Completed","279","2012-10-05 12:13:30","279");
INSERT INTO tbl_project_review VALUES("557","24","11","7","3","Completed","279","2012-10-05 12:13:30","279");
INSERT INTO tbl_project_review VALUES("558","24","11","8","2","Completed","279","2012-10-05 12:13:30","279");
INSERT INTO tbl_project_review VALUES("559","24","11","9","2","Completed","279","2012-10-05 12:13:30","279");
INSERT INTO tbl_project_review VALUES("560","24","11","10","3","Completed","279","2012-10-05 12:13:30","279");
INSERT INTO tbl_project_review VALUES("561","24","11","11","4","Completed","279","2012-10-05 12:13:30","279");
INSERT INTO tbl_project_review VALUES("562","24","11","12","3","Completed","279","2012-10-05 12:13:30","279");
INSERT INTO tbl_project_review VALUES("563","24","11","13","3","Completed","279","2012-10-05 12:13:30","279");
INSERT INTO tbl_project_review VALUES("564","24","11","14","2","Completed","279","2012-10-05 12:13:30","279");
INSERT INTO tbl_project_review VALUES("565","24","11","15","3","Completed","279","2012-10-05 12:13:30","279");
INSERT INTO tbl_project_review VALUES("566","24","11","16","4","Completed","279","2012-10-05 12:13:30","279");
INSERT INTO tbl_project_review VALUES("567","24","11","17","3","Completed","279","2012-10-05 12:13:30","279");
INSERT INTO tbl_project_review VALUES("568","24","11","18","3","Completed","279","2012-10-05 12:13:30","279");
INSERT INTO tbl_project_review VALUES("569","24","11","19","4","Completed","279","2012-10-05 12:13:30","279");
INSERT INTO tbl_project_review VALUES("570","24","11","20","3","Completed","279","2012-10-05 12:13:30","279");
INSERT INTO tbl_project_review VALUES("571","24","11","21","3","Completed","279","2012-10-05 12:13:30","279");
INSERT INTO tbl_project_review VALUES("572","24","11","22","3","Completed","279","2012-10-05 12:13:30","279");
INSERT INTO tbl_project_review VALUES("573","24","11","23","4","Completed","279","2012-10-05 12:13:30","279");
INSERT INTO tbl_project_review VALUES("574","24","11","24","4","Completed","279","2012-10-05 12:13:30","279");
INSERT INTO tbl_project_review VALUES("575","24","11","25","4","Completed","279","2012-10-05 12:13:30","279");
INSERT INTO tbl_project_review VALUES("576","25","12","1","3","In Progress","279","2012-10-05 12:31:16","279");
INSERT INTO tbl_project_review VALUES("577","25","12","2","3","In Progress","279","2012-10-05 12:31:16","279");
INSERT INTO tbl_project_review VALUES("578","25","12","3","4","In Progress","279","2012-10-05 12:31:16","279");
INSERT INTO tbl_project_review VALUES("579","25","12","4","4","In Progress","279","2012-10-05 12:31:16","279");
INSERT INTO tbl_project_review VALUES("580","25","12","5","3","In Progress","279","2012-10-05 12:31:16","279");
INSERT INTO tbl_project_review VALUES("581","25","12","6","4","In Progress","279","2012-10-05 12:31:16","279");
INSERT INTO tbl_project_review VALUES("582","25","12","7","4","In Progress","279","2012-10-05 12:31:16","279");
INSERT INTO tbl_project_review VALUES("583","25","12","8","4","In Progress","279","2012-10-05 12:31:16","279");
INSERT INTO tbl_project_review VALUES("584","25","12","9","3","In Progress","279","2012-10-05 12:31:16","279");
INSERT INTO tbl_project_review VALUES("585","25","12","10","4","In Progress","279","2012-10-05 12:31:16","279");
INSERT INTO tbl_project_review VALUES("586","25","12","11","4","In Progress","279","2012-10-05 12:31:16","279");
INSERT INTO tbl_project_review VALUES("587","25","12","12","1","In Progress","279","2012-10-05 12:31:16","279");
INSERT INTO tbl_project_review VALUES("588","25","12","13","2","In Progress","279","2012-10-05 12:31:16","279");
INSERT INTO tbl_project_review VALUES("589","25","12","14","4","In Progress","279","2012-10-05 12:31:16","279");
INSERT INTO tbl_project_review VALUES("590","25","12","15","4","In Progress","279","2012-10-05 12:31:16","279");
INSERT INTO tbl_project_review VALUES("591","25","12","16","2","In Progress","279","2012-10-05 12:31:16","279");
INSERT INTO tbl_project_review VALUES("592","25","12","17","4","In Progress","279","2012-10-05 12:31:16","279");
INSERT INTO tbl_project_review VALUES("593","25","12","18","3","In Progress","279","2012-10-05 12:31:16","279");
INSERT INTO tbl_project_review VALUES("594","25","12","19","3","In Progress","279","2012-10-05 12:31:16","279");
INSERT INTO tbl_project_review VALUES("595","25","12","20","4","In Progress","279","2012-10-05 12:31:16","279");
INSERT INTO tbl_project_review VALUES("596","25","12","21","4","In Progress","279","2012-10-05 12:31:16","279");
INSERT INTO tbl_project_review VALUES("597","25","12","22","4","In Progress","279","2012-10-05 12:31:16","279");
INSERT INTO tbl_project_review VALUES("598","25","12","23","3","In Progress","279","2012-10-05 12:31:16","279");
INSERT INTO tbl_project_review VALUES("599","25","12","24","4","In Progress","279","2012-10-05 12:31:16","279");
INSERT INTO tbl_project_review VALUES("600","25","12","25","4","In Progress","279","2012-10-05 12:31:16","279");
INSERT INTO tbl_project_review VALUES("601","26","5","1","4","In Progress","279","2012-10-05 14:15:15","279");
INSERT INTO tbl_project_review VALUES("602","26","5","2","3","In Progress","279","2012-10-05 14:15:15","279");
INSERT INTO tbl_project_review VALUES("603","26","5","3","3","In Progress","279","2012-10-05 14:15:15","279");
INSERT INTO tbl_project_review VALUES("604","26","5","4","0","In Progress","279","2012-10-05 14:15:15","279");
INSERT INTO tbl_project_review VALUES("605","26","5","5","0","In Progress","279","2012-10-05 14:15:15","279");
INSERT INTO tbl_project_review VALUES("606","26","5","6","0","In Progress","279","2012-10-05 14:15:15","279");
INSERT INTO tbl_project_review VALUES("607","26","5","7","0","In Progress","279","2012-10-05 14:15:15","279");
INSERT INTO tbl_project_review VALUES("608","26","5","8","0","In Progress","279","2012-10-05 14:15:15","279");
INSERT INTO tbl_project_review VALUES("609","26","5","9","0","In Progress","279","2012-10-05 14:15:15","279");
INSERT INTO tbl_project_review VALUES("610","26","5","10","0","In Progress","279","2012-10-05 14:15:15","279");
INSERT INTO tbl_project_review VALUES("611","26","5","11","0","In Progress","279","2012-10-05 14:15:15","279");
INSERT INTO tbl_project_review VALUES("612","26","5","12","0","In Progress","279","2012-10-05 14:15:15","279");
INSERT INTO tbl_project_review VALUES("613","26","5","13","0","In Progress","279","2012-10-05 14:15:15","279");
INSERT INTO tbl_project_review VALUES("614","26","5","14","0","In Progress","279","2012-10-05 14:15:15","279");
INSERT INTO tbl_project_review VALUES("615","26","5","15","0","In Progress","279","2012-10-05 14:15:15","279");
INSERT INTO tbl_project_review VALUES("616","26","5","16","0","In Progress","279","2012-10-05 14:15:15","279");
INSERT INTO tbl_project_review VALUES("617","26","5","17","0","In Progress","279","2012-10-05 14:15:15","279");
INSERT INTO tbl_project_review VALUES("618","26","5","18","0","In Progress","279","2012-10-05 14:15:15","279");
INSERT INTO tbl_project_review VALUES("619","26","5","19","0","In Progress","279","2012-10-05 14:15:15","279");
INSERT INTO tbl_project_review VALUES("620","26","5","20","0","In Progress","279","2012-10-05 14:15:15","279");
INSERT INTO tbl_project_review VALUES("621","26","5","21","0","In Progress","279","2012-10-05 14:15:15","279");
INSERT INTO tbl_project_review VALUES("622","26","5","22","0","In Progress","279","2012-10-05 14:15:15","279");
INSERT INTO tbl_project_review VALUES("623","26","5","23","0","In Progress","279","2012-10-05 14:15:15","279");
INSERT INTO tbl_project_review VALUES("624","26","5","24","0","In Progress","279","2012-10-05 14:15:15","279");
INSERT INTO tbl_project_review VALUES("625","26","5","25","0","In Progress","279","2012-10-05 14:15:15","279");
INSERT INTO tbl_project_review VALUES("626","27","5","1","2","Completed","279","2012-10-05 14:15:58","279");
INSERT INTO tbl_project_review VALUES("627","27","5","2","3","Completed","279","2012-10-05 14:15:58","279");
INSERT INTO tbl_project_review VALUES("628","27","5","3","4","Completed","279","2012-10-05 14:15:58","279");
INSERT INTO tbl_project_review VALUES("629","27","5","4","3","Completed","279","2012-10-05 14:15:58","279");
INSERT INTO tbl_project_review VALUES("630","27","5","5","2","Completed","279","2012-10-05 14:15:58","279");
INSERT INTO tbl_project_review VALUES("631","27","5","6","4","Completed","279","2012-10-05 14:15:58","279");
INSERT INTO tbl_project_review VALUES("632","27","5","7","3","Completed","279","2012-10-05 14:15:58","279");
INSERT INTO tbl_project_review VALUES("633","27","5","8","3","Completed","279","2012-10-05 14:15:58","279");
INSERT INTO tbl_project_review VALUES("634","27","5","9","2","Completed","279","2012-10-05 14:15:58","279");
INSERT INTO tbl_project_review VALUES("635","27","5","10","2","Completed","279","2012-10-05 14:15:58","279");
INSERT INTO tbl_project_review VALUES("636","27","5","11","4","Completed","279","2012-10-05 14:15:58","279");
INSERT INTO tbl_project_review VALUES("637","27","5","12","4","Completed","279","2012-10-05 14:15:58","279");
INSERT INTO tbl_project_review VALUES("638","27","5","13","4","Completed","279","2012-10-05 14:15:58","279");
INSERT INTO tbl_project_review VALUES("639","27","5","14","3","Completed","279","2012-10-05 14:15:58","279");
INSERT INTO tbl_project_review VALUES("640","27","5","15","3","Completed","279","2012-10-05 14:15:58","279");
INSERT INTO tbl_project_review VALUES("641","27","5","16","3","Completed","279","2012-10-05 14:15:58","279");
INSERT INTO tbl_project_review VALUES("642","27","5","17","3","Completed","279","2012-10-05 14:15:58","279");
INSERT INTO tbl_project_review VALUES("643","27","5","18","4","Completed","279","2012-10-05 14:15:58","279");
INSERT INTO tbl_project_review VALUES("644","27","5","19","4","Completed","279","2012-10-05 14:15:58","279");
INSERT INTO tbl_project_review VALUES("645","27","5","20","4","Completed","279","2012-10-05 14:15:58","279");
INSERT INTO tbl_project_review VALUES("646","27","5","21","4","Completed","279","2012-10-05 14:15:58","279");
INSERT INTO tbl_project_review VALUES("647","27","5","22","3","Completed","279","2012-10-05 14:15:58","279");
INSERT INTO tbl_project_review VALUES("648","27","5","23","2","Completed","279","2012-10-05 14:15:58","279");
INSERT INTO tbl_project_review VALUES("649","27","5","24","2","Completed","279","2012-10-05 14:15:58","279");
INSERT INTO tbl_project_review VALUES("650","27","5","25","3","Completed","279","2012-10-05 14:15:58","279");
INSERT INTO tbl_project_review VALUES("651","28","13","1","0","In Progress","279","2012-10-05 14:17:46","279");
INSERT INTO tbl_project_review VALUES("652","28","13","2","0","In Progress","279","2012-10-05 14:17:46","279");
INSERT INTO tbl_project_review VALUES("653","28","13","3","0","In Progress","279","2012-10-05 14:17:46","279");
INSERT INTO tbl_project_review VALUES("654","28","13","4","0","In Progress","279","2012-10-05 14:17:46","279");
INSERT INTO tbl_project_review VALUES("655","28","13","5","0","In Progress","279","2012-10-05 14:17:46","279");
INSERT INTO tbl_project_review VALUES("656","28","13","6","0","In Progress","279","2012-10-05 14:17:46","279");
INSERT INTO tbl_project_review VALUES("657","28","13","7","0","In Progress","279","2012-10-05 14:17:46","279");
INSERT INTO tbl_project_review VALUES("658","28","13","8","0","In Progress","279","2012-10-05 14:17:46","279");
INSERT INTO tbl_project_review VALUES("659","28","13","9","0","In Progress","279","2012-10-05 14:17:46","279");
INSERT INTO tbl_project_review VALUES("660","28","13","10","0","In Progress","279","2012-10-05 14:17:46","279");
INSERT INTO tbl_project_review VALUES("661","28","13","11","0","In Progress","279","2012-10-05 14:17:46","279");
INSERT INTO tbl_project_review VALUES("662","28","13","12","0","In Progress","279","2012-10-05 14:17:46","279");
INSERT INTO tbl_project_review VALUES("663","28","13","13","0","In Progress","279","2012-10-05 14:17:46","279");
INSERT INTO tbl_project_review VALUES("664","28","13","14","0","In Progress","279","2012-10-05 14:17:46","279");
INSERT INTO tbl_project_review VALUES("665","28","13","15","0","In Progress","279","2012-10-05 14:17:46","279");
INSERT INTO tbl_project_review VALUES("666","28","13","16","0","In Progress","279","2012-10-05 14:17:46","279");
INSERT INTO tbl_project_review VALUES("667","28","13","17","0","In Progress","279","2012-10-05 14:17:46","279");
INSERT INTO tbl_project_review VALUES("668","28","13","18","0","In Progress","279","2012-10-05 14:17:46","279");
INSERT INTO tbl_project_review VALUES("669","28","13","19","0","In Progress","279","2012-10-05 14:17:46","279");
INSERT INTO tbl_project_review VALUES("670","28","13","20","0","In Progress","279","2012-10-05 14:17:46","279");
INSERT INTO tbl_project_review VALUES("671","28","13","21","0","In Progress","279","2012-10-05 14:17:46","279");
INSERT INTO tbl_project_review VALUES("672","28","13","22","0","In Progress","279","2012-10-05 14:17:46","279");
INSERT INTO tbl_project_review VALUES("673","28","13","23","0","In Progress","279","2012-10-05 14:17:46","279");
INSERT INTO tbl_project_review VALUES("674","28","13","24","0","In Progress","279","2012-10-05 14:17:46","279");
INSERT INTO tbl_project_review VALUES("675","28","13","25","0","In Progress","279","2012-10-05 14:17:46","279");
INSERT INTO tbl_project_review VALUES("676","29","13","1","1","Completed","279","2012-10-05 14:18:36","279");
INSERT INTO tbl_project_review VALUES("677","29","13","2","1","Completed","279","2012-10-05 14:18:36","279");
INSERT INTO tbl_project_review VALUES("678","29","13","3","2","Completed","279","2012-10-05 14:18:36","279");
INSERT INTO tbl_project_review VALUES("679","29","13","4","2","Completed","279","2012-10-05 14:18:36","279");
INSERT INTO tbl_project_review VALUES("680","29","13","5","4","Completed","279","2012-10-05 14:18:36","279");
INSERT INTO tbl_project_review VALUES("681","29","13","6","4","Completed","279","2012-10-05 14:18:36","279");
INSERT INTO tbl_project_review VALUES("682","29","13","7","4","Completed","279","2012-10-05 14:18:36","279");
INSERT INTO tbl_project_review VALUES("683","29","13","8","3","Completed","279","2012-10-05 14:18:36","279");
INSERT INTO tbl_project_review VALUES("684","29","13","9","3","Completed","279","2012-10-05 14:18:36","279");
INSERT INTO tbl_project_review VALUES("685","29","13","10","4","Completed","279","2012-10-05 14:18:36","279");
INSERT INTO tbl_project_review VALUES("686","29","13","11","4","Completed","279","2012-10-05 14:18:36","279");
INSERT INTO tbl_project_review VALUES("687","29","13","12","4","Completed","279","2012-10-05 14:18:36","279");
INSERT INTO tbl_project_review VALUES("688","29","13","13","3","Completed","279","2012-10-05 14:18:36","279");
INSERT INTO tbl_project_review VALUES("689","29","13","14","3","Completed","279","2012-10-05 14:18:36","279");
INSERT INTO tbl_project_review VALUES("690","29","13","15","4","Completed","279","2012-10-05 14:18:36","279");
INSERT INTO tbl_project_review VALUES("691","29","13","16","4","Completed","279","2012-10-05 14:18:36","279");
INSERT INTO tbl_project_review VALUES("692","29","13","17","4","Completed","279","2012-10-05 14:18:36","279");
INSERT INTO tbl_project_review VALUES("693","29","13","18","4","Completed","279","2012-10-05 14:18:36","279");
INSERT INTO tbl_project_review VALUES("694","29","13","19","3","Completed","279","2012-10-05 14:18:36","279");
INSERT INTO tbl_project_review VALUES("695","29","13","20","3","Completed","279","2012-10-05 14:18:36","279");
INSERT INTO tbl_project_review VALUES("696","29","13","21","4","Completed","279","2012-10-05 14:18:36","279");
INSERT INTO tbl_project_review VALUES("697","29","13","22","4","Completed","279","2012-10-05 14:18:36","279");
INSERT INTO tbl_project_review VALUES("698","29","13","23","1","Completed","279","2012-10-05 14:18:36","279");
INSERT INTO tbl_project_review VALUES("699","29","13","24","4","Completed","279","2012-10-05 14:18:36","279");
INSERT INTO tbl_project_review VALUES("700","29","13","25","3","Completed","279","2012-10-05 14:18:36","279");
INSERT INTO tbl_project_review VALUES("701","30","3","1","3","Completed","279","2012-10-08 08:41:20","279");
INSERT INTO tbl_project_review VALUES("702","30","3","2","3","Completed","279","2012-10-08 08:41:20","279");
INSERT INTO tbl_project_review VALUES("703","30","3","3","4","Completed","279","2012-10-08 08:41:20","279");
INSERT INTO tbl_project_review VALUES("704","30","3","4","4","Completed","279","2012-10-08 08:41:20","279");
INSERT INTO tbl_project_review VALUES("705","30","3","5","3","Completed","279","2012-10-08 08:41:20","279");
INSERT INTO tbl_project_review VALUES("706","30","3","6","4","Completed","279","2012-10-08 08:41:20","279");
INSERT INTO tbl_project_review VALUES("707","30","3","7","4","Completed","279","2012-10-08 08:41:20","279");
INSERT INTO tbl_project_review VALUES("708","30","3","8","3","Completed","279","2012-10-08 08:41:20","279");
INSERT INTO tbl_project_review VALUES("709","30","3","9","3","Completed","279","2012-10-08 08:41:20","279");
INSERT INTO tbl_project_review VALUES("710","30","3","10","2","Completed","279","2012-10-08 08:41:20","279");
INSERT INTO tbl_project_review VALUES("711","30","3","11","1","Completed","279","2012-10-08 08:41:20","279");
INSERT INTO tbl_project_review VALUES("712","30","3","12","1","Completed","279","2012-10-08 08:41:20","279");
INSERT INTO tbl_project_review VALUES("713","30","3","13","2","Completed","279","2012-10-08 08:41:20","279");
INSERT INTO tbl_project_review VALUES("714","30","3","14","2","Completed","279","2012-10-08 08:41:20","279");
INSERT INTO tbl_project_review VALUES("715","30","3","15","1","Completed","279","2012-10-08 08:41:20","279");
INSERT INTO tbl_project_review VALUES("716","30","3","16","3","Completed","279","2012-10-08 08:41:20","279");
INSERT INTO tbl_project_review VALUES("717","30","3","17","3","Completed","279","2012-10-08 08:41:20","279");
INSERT INTO tbl_project_review VALUES("718","30","3","18","2","Completed","279","2012-10-08 08:41:20","279");
INSERT INTO tbl_project_review VALUES("719","30","3","19","2","Completed","279","2012-10-08 08:41:20","279");
INSERT INTO tbl_project_review VALUES("720","30","3","20","3","Completed","279","2012-10-08 08:41:20","279");
INSERT INTO tbl_project_review VALUES("721","30","3","21","3","Completed","279","2012-10-08 08:41:20","279");
INSERT INTO tbl_project_review VALUES("722","30","3","22","3","Completed","279","2012-10-08 08:41:20","279");
INSERT INTO tbl_project_review VALUES("723","30","3","23","2","Completed","279","2012-10-08 08:41:20","279");
INSERT INTO tbl_project_review VALUES("724","30","3","24","2","Completed","279","2012-10-08 08:41:20","279");
INSERT INTO tbl_project_review VALUES("725","30","3","25","3","Completed","279","2012-10-08 08:41:20","279");
INSERT INTO tbl_project_review VALUES("726","31","3","1","3","In Progress","279","2012-10-08 08:42:25","279");
INSERT INTO tbl_project_review VALUES("727","31","3","2","3","In Progress","279","2012-10-08 08:42:25","279");
INSERT INTO tbl_project_review VALUES("728","31","3","3","2","In Progress","279","2012-10-08 08:42:25","279");
INSERT INTO tbl_project_review VALUES("729","31","3","4","1","In Progress","279","2012-10-08 08:42:25","279");
INSERT INTO tbl_project_review VALUES("730","31","3","5","2","In Progress","279","2012-10-08 08:42:25","279");
INSERT INTO tbl_project_review VALUES("731","31","3","6","3","In Progress","279","2012-10-08 08:42:25","279");
INSERT INTO tbl_project_review VALUES("732","31","3","7","3","In Progress","279","2012-10-08 08:42:25","279");
INSERT INTO tbl_project_review VALUES("733","31","3","8","4","In Progress","279","2012-10-08 08:42:25","279");
INSERT INTO tbl_project_review VALUES("734","31","3","9","4","In Progress","279","2012-10-08 08:42:25","279");
INSERT INTO tbl_project_review VALUES("735","31","3","10","2","In Progress","279","2012-10-08 08:42:25","279");
INSERT INTO tbl_project_review VALUES("736","31","3","11","3","In Progress","279","2012-10-08 08:42:25","279");
INSERT INTO tbl_project_review VALUES("737","31","3","12","3","In Progress","279","2012-10-08 08:42:25","279");
INSERT INTO tbl_project_review VALUES("738","31","3","13","2","In Progress","279","2012-10-08 08:42:25","279");
INSERT INTO tbl_project_review VALUES("739","31","3","14","2","In Progress","279","2012-10-08 08:42:25","279");
INSERT INTO tbl_project_review VALUES("740","31","3","15","1","In Progress","279","2012-10-08 08:42:25","279");
INSERT INTO tbl_project_review VALUES("741","31","3","16","2","In Progress","279","2012-10-08 08:42:25","279");
INSERT INTO tbl_project_review VALUES("742","31","3","17","2","In Progress","279","2012-10-08 08:42:25","279");
INSERT INTO tbl_project_review VALUES("743","31","3","18","1","In Progress","279","2012-10-08 08:42:25","279");
INSERT INTO tbl_project_review VALUES("744","31","3","19","1","In Progress","279","2012-10-08 08:42:25","279");
INSERT INTO tbl_project_review VALUES("745","31","3","20","2","In Progress","279","2012-10-08 08:42:25","279");
INSERT INTO tbl_project_review VALUES("746","31","3","21","3","In Progress","279","2012-10-08 08:42:25","279");
INSERT INTO tbl_project_review VALUES("747","31","3","22","3","In Progress","279","2012-10-08 08:42:25","279");
INSERT INTO tbl_project_review VALUES("748","31","3","23","3","In Progress","279","2012-10-08 08:42:25","279");
INSERT INTO tbl_project_review VALUES("749","31","3","24","2","In Progress","279","2012-10-08 08:42:25","279");
INSERT INTO tbl_project_review VALUES("750","31","3","25","3","In Progress","279","2012-10-08 08:42:26","279");
INSERT INTO tbl_project_review VALUES("751","32","12","1","0","In Progress","279","2012-10-08 09:12:45","279");
INSERT INTO tbl_project_review VALUES("752","32","12","2","0","In Progress","279","2012-10-08 09:12:45","279");
INSERT INTO tbl_project_review VALUES("753","32","12","3","0","In Progress","279","2012-10-08 09:12:45","279");
INSERT INTO tbl_project_review VALUES("754","32","12","4","0","In Progress","279","2012-10-08 09:12:45","279");
INSERT INTO tbl_project_review VALUES("755","32","12","5","0","In Progress","279","2012-10-08 09:12:45","279");
INSERT INTO tbl_project_review VALUES("756","32","12","6","0","In Progress","279","2012-10-08 09:12:45","279");
INSERT INTO tbl_project_review VALUES("757","32","12","7","0","In Progress","279","2012-10-08 09:12:45","279");
INSERT INTO tbl_project_review VALUES("758","32","12","8","0","In Progress","279","2012-10-08 09:12:45","279");
INSERT INTO tbl_project_review VALUES("759","32","12","9","0","In Progress","279","2012-10-08 09:12:45","279");
INSERT INTO tbl_project_review VALUES("760","32","12","10","0","In Progress","279","2012-10-08 09:12:45","279");
INSERT INTO tbl_project_review VALUES("761","32","12","11","0","In Progress","279","2012-10-08 09:12:45","279");
INSERT INTO tbl_project_review VALUES("762","32","12","12","0","In Progress","279","2012-10-08 09:12:45","279");
INSERT INTO tbl_project_review VALUES("763","32","12","13","0","In Progress","279","2012-10-08 09:12:45","279");
INSERT INTO tbl_project_review VALUES("764","32","12","14","0","In Progress","279","2012-10-08 09:12:45","279");
INSERT INTO tbl_project_review VALUES("765","32","12","15","0","In Progress","279","2012-10-08 09:12:45","279");
INSERT INTO tbl_project_review VALUES("766","32","12","16","0","In Progress","279","2012-10-08 09:12:45","279");
INSERT INTO tbl_project_review VALUES("767","32","12","17","0","In Progress","279","2012-10-08 09:12:45","279");
INSERT INTO tbl_project_review VALUES("768","32","12","18","0","In Progress","279","2012-10-08 09:12:45","279");
INSERT INTO tbl_project_review VALUES("769","32","12","19","0","In Progress","279","2012-10-08 09:12:45","279");
INSERT INTO tbl_project_review VALUES("770","32","12","20","0","In Progress","279","2012-10-08 09:12:45","279");
INSERT INTO tbl_project_review VALUES("771","32","12","21","0","In Progress","279","2012-10-08 09:12:45","279");
INSERT INTO tbl_project_review VALUES("772","32","12","22","0","In Progress","279","2012-10-08 09:12:45","279");
INSERT INTO tbl_project_review VALUES("773","32","12","23","0","In Progress","279","2012-10-08 09:12:45","279");
INSERT INTO tbl_project_review VALUES("774","32","12","24","0","In Progress","279","2012-10-08 09:12:45","279");
INSERT INTO tbl_project_review VALUES("775","32","12","25","0","In Progress","279","2012-10-08 09:12:45","279");
INSERT INTO tbl_project_review VALUES("776","33","12","1","4","Completed","279","2012-10-09 09:58:19","279");
INSERT INTO tbl_project_review VALUES("777","33","12","2","3","Completed","279","2012-10-09 09:58:19","279");
INSERT INTO tbl_project_review VALUES("778","33","12","3","3","Completed","279","2012-10-09 09:58:19","279");
INSERT INTO tbl_project_review VALUES("779","33","12","4","2","Completed","279","2012-10-09 09:58:19","279");
INSERT INTO tbl_project_review VALUES("780","33","12","5","2","Completed","279","2012-10-09 09:58:19","279");
INSERT INTO tbl_project_review VALUES("781","33","12","6","3","Completed","279","2012-10-09 09:58:19","279");
INSERT INTO tbl_project_review VALUES("782","33","12","7","3","Completed","279","2012-10-09 09:58:19","279");
INSERT INTO tbl_project_review VALUES("783","33","12","8","4","Completed","279","2012-10-09 09:58:19","279");
INSERT INTO tbl_project_review VALUES("784","33","12","9","4","Completed","279","2012-10-09 09:58:19","279");
INSERT INTO tbl_project_review VALUES("785","33","12","10","4","Completed","279","2012-10-09 09:58:19","279");
INSERT INTO tbl_project_review VALUES("786","33","12","11","4","Completed","279","2012-10-09 09:58:19","279");
INSERT INTO tbl_project_review VALUES("787","33","12","12","4","Completed","279","2012-10-09 09:58:19","279");
INSERT INTO tbl_project_review VALUES("788","33","12","13","3","Completed","279","2012-10-09 09:58:19","279");
INSERT INTO tbl_project_review VALUES("789","33","12","14","3","Completed","279","2012-10-09 09:58:19","279");
INSERT INTO tbl_project_review VALUES("790","33","12","15","1","Completed","279","2012-10-09 09:58:19","279");
INSERT INTO tbl_project_review VALUES("791","33","12","16","2","Completed","279","2012-10-09 09:58:19","279");
INSERT INTO tbl_project_review VALUES("792","33","12","17","2","Completed","279","2012-10-09 09:58:19","279");
INSERT INTO tbl_project_review VALUES("793","33","12","18","3","Completed","279","2012-10-09 09:58:19","279");
INSERT INTO tbl_project_review VALUES("794","33","12","19","3","Completed","279","2012-10-09 09:58:19","279");
INSERT INTO tbl_project_review VALUES("795","33","12","20","4","Completed","279","2012-10-09 09:58:19","279");
INSERT INTO tbl_project_review VALUES("796","33","12","21","4","Completed","279","2012-10-09 09:58:19","279");
INSERT INTO tbl_project_review VALUES("797","33","12","22","4","Completed","279","2012-10-09 09:58:19","279");
INSERT INTO tbl_project_review VALUES("798","33","12","23","4","Completed","279","2012-10-09 09:58:19","279");
INSERT INTO tbl_project_review VALUES("799","33","12","24","3","Completed","279","2012-10-09 09:58:19","279");
INSERT INTO tbl_project_review VALUES("800","33","12","25","2","Completed","279","2012-10-09 09:58:19","279");





CREATE TABLE `tbl_questionanswer` (
  `qaid` int(11) NOT NULL AUTO_INCREMENT,
  `qid` int(11) NOT NULL,
  `queid` int(11) NOT NULL,
  `checkitem` varchar(255) NOT NULL,
  `description` longtext NOT NULL,
  `uid` int(11) NOT NULL,
  `timestamp` varchar(255) NOT NULL,
  `superadminid` int(11) NOT NULL,
  PRIMARY KEY (`qaid`)
) ENGINE=InnoDB AUTO_INCREMENT=326 DEFAULT CHARSET=utf8;

INSERT INTO tbl_questionanswer VALUES("1","1","1","Materials or parts","Does the inventory or in-process inventory include and unneeded materials or parts?","279","2012-10-01 06:30:01","279");
INSERT INTO tbl_questionanswer VALUES("2","1","2","Machines or equipment","Are there any unused machines or other equipment around?","279","2012-10-01 06:30:01","279");
INSERT INTO tbl_questionanswer VALUES("3","1","3","Jigs, tools, or dies","Are there any unused jigs, tools, dies or similar items around?","279","2012-10-01 06:30:01","279");
INSERT INTO tbl_questionanswer VALUES("4","1","4","Visual control","Is it obvious which items have been marked as unnecessary?","279","2012-10-01 06:30:01","279");
INSERT INTO tbl_questionanswer VALUES("5","1","5","Written standards","Has establishing the 5Ss left behind any useless standard?","279","2012-10-01 06:30:01","279");
INSERT INTO tbl_questionanswer VALUES("6","1","6","Location Indicators","Are shelves and other storage areas marked with location indicators and addresses?","279","2012-10-01 06:30:01","279");
INSERT INTO tbl_questionanswer VALUES("7","1","7","Item Indicators","Do the shelves have signboards showing which items go where?","279","2012-10-01 06:30:01","279");
INSERT INTO tbl_questionanswer VALUES("8","1","8","Quantity Indicators","Are the maximum and minimum allowable quantities indicated?","279","2012-10-01 06:30:01","279");
INSERT INTO tbl_questionanswer VALUES("9","1","9","Demarcation of walkways and in-process inventory areas","Are white lines or other markers used to clearly indicate walkways and storage areas?","279","2012-10-01 06:30:01","279");
INSERT INTO tbl_questionanswer VALUES("10","1","10","Jigs and tools","Are jigs and tools arranged more rationally to facilitate picking them up and returning them?","279","2012-10-01 06:30:01","279");
INSERT INTO tbl_questionanswer VALUES("11","1","11","Floors","Are floors kept shiny clean and free of waste, water and oil?","279","2012-10-01 06:30:01","279");
INSERT INTO tbl_questionanswer VALUES("12","1","12","Machines","Are the machine wiped clean often and kept free of shavings, chips and oil?","279","2012-10-01 06:30:01","279");
INSERT INTO tbl_questionanswer VALUES("13","1","13","Cleaning and checking","Is equipment inspection combined with equipment maintenance?","279","2012-10-01 06:30:01","279");
INSERT INTO tbl_questionanswer VALUES("14","1","14","Cleaning responsibilities","Is there a person responsible for overseeing cleaning operations?","279","2012-10-01 06:30:01","279");
INSERT INTO tbl_questionanswer VALUES("15","1","15","Habitual cleanliness","Do operators habitually sweep floors, and wipe equipment without being told?","279","2012-10-01 06:30:01","279");
INSERT INTO tbl_questionanswer VALUES("16","1","16","Improvement memos","Are improvement memos regularly being generated?","279","2012-10-01 06:30:01","279");
INSERT INTO tbl_questionanswer VALUES("17","1","17","Improvement ideas","Are improvement ideas being acted on?","279","2012-10-01 06:30:01","279");
INSERT INTO tbl_questionanswer VALUES("18","1","18","Key procedures","Are standard procedures clear, documented and actively used?","279","2012-10-01 06:30:01","279");
INSERT INTO tbl_questionanswer VALUES("19","1","19","Improvement plan","Are the future standards being considered with a clear improvement plan for the area?","279","2012-10-01 06:30:01","279");
INSERT INTO tbl_questionanswer VALUES("20","1","20","The first 3 Ss","Are the first 3 Ss (sort, set locations and shine) being maintained?","279","2012-10-01 06:30:01","279");
INSERT INTO tbl_questionanswer VALUES("21","1","21","Training","Is everyone adequately trained in standard procedure?","279","","279");
INSERT INTO tbl_questionanswer VALUES("22","1","22","Tools and parts","Are tools and parts being stored correctly?","279","2012-10-01 06:30:01","279");
INSERT INTO tbl_questionanswer VALUES("23","1","23","Stock controls","Are stock controls being adhered to?","279","2012-10-01 06:30:01","279");
INSERT INTO tbl_questionanswer VALUES("24","1","24","Procedures","Are procedures up-to-date and regularly reviewed?","279","2012-10-01 06:30:01","279");
INSERT INTO tbl_questionanswer VALUES("25","1","25","Activity boards","Are activity boards up-to-date and regularly reviewed?","279","2012-10-01 06:30:01","279");
INSERT INTO tbl_questionanswer VALUES("26","2","1","Matriel ou pices","L\'inventaire ou l\'inventaire en cours incluent-ils des matriaux ou pices inutiles?","279","2012-10-01 06:30:01","279");
INSERT INTO tbl_questionanswer VALUES("27","2","2","Machine ou quipement","Y-a-t\'il des machines non utilises ou d\'autres quipementsqui trainent?","279","2012-10-01 06:30:01","279");
INSERT INTO tbl_questionanswer VALUES("28","2","3","Outils, Matrice ou gabarits","Y-a-t\'il des outils, matrices ou gabarits non utilises ou d\'autres quipementsqui trainent?","279","2012-10-01 06:30:01","279");
INSERT INTO tbl_questionanswer VALUES("29","2","4","Contrle visuel","Les objets marqus comme non ncessaires sont-ils mis en vidence?","279","2012-10-01 06:30:01","279");
INSERT INTO tbl_questionanswer VALUES("30","2","5","Normes rdactionnelles","La mise  jour des standards XXX rend elle les anciens standards inutiles?","279","2012-10-01 06:30:01","279");
INSERT INTO tbl_questionanswer VALUES("31","2","6","Indicateurs de positionnement","Les tagres et autres zones de stockages sont-ils marqus avec des indicateurs de zones et d\'adresses?","279","2012-10-01 06:30:01","279");
INSERT INTO tbl_questionanswer VALUES("32","2","7","Indicateurs d\' article","Les tagres ont-elles des panneaux qui indiquent l\'emplacement des objets?","279","2012-10-01 06:30:01","279");
INSERT INTO tbl_questionanswer VALUES("33","2","8","Indicateurs de quantit","Les quantits maximale et minimale permises sont-elles indiques?","279","2012-10-01 06:30:01","279");
INSERT INTO tbl_questionanswer VALUES("34","2","9","Dmarcateur des alles et des zones d\'inventaire en cours","Des lignes blanches ou d\'autres marques sont-elles clairement indiques pour les alles et les zones de stockages?","279","2012-10-01 06:30:01","279");
INSERT INTO tbl_questionanswer VALUES("35","2","10","Gabarits et outils","Les gabarits et outils sont-ils ranges de manire rationnelle pour faciliter leur ramassage et leur retour?","279","2012-10-01 06:30:01","279");
INSERT INTO tbl_questionanswer VALUES("36","2","11","Sols","Les sols sont-ils gardss propre et sans ordures, eau et huile?","279","2012-10-01 06:30:01","279");
INSERT INTO tbl_questionanswer VALUES("37","2","12","Machines","Les machines sont-elles nettoyes souvent et sans copeaux, poussires et huiles?","279","2012-10-01 06:30:01","279");
INSERT INTO tbl_questionanswer VALUES("38","2","13","Nettoyage et vrification","L\'inspection et la maintenance sont-elles faites ensemble?","279","2012-10-01 06:30:01","279");
INSERT INTO tbl_questionanswer VALUES("39","2","14","Responsabilits de nettoyage","Y-a-t\'il une personne responsable pour les oprations de nettoyage?","279","2012-10-01 06:30:01","279");
INSERT INTO tbl_questionanswer VALUES("40","2","15","Propret  habituelle","Les oprateurs brossent-ils rgulirement les sols et essuient-ils l\'quipement sans qu\'on leur demande? ","279","2012-10-01 06:30:01","279");
INSERT INTO tbl_questionanswer VALUES("41","2","16","Mmos d\'amlioration","Les mmos d\'amlioration sont-ils rgulirement gnrs?","279","2012-10-01 06:30:01","279");
INSERT INTO tbl_questionanswer VALUES("42","2","17","Ides d\'amlioration","Les ides d\'amlioration sont-elles souvent prises en compte?","279","2012-10-01 06:30:01","279");
INSERT INTO tbl_questionanswer VALUES("43","2","18","Procedures Cls","Les procedures standards sont-elles claires, documentes et souvent utilises?","279","2012-10-01 06:30:01","279");
INSERT INTO tbl_questionanswer VALUES("44","2","19","Plan d\'amlioration","Les futures standards sont-ils considrs avec un plan d\'amlioration prcis pour la zone?","279","2012-10-01 06:30:01","279");
INSERT INTO tbl_questionanswer VALUES("45","2","20","Les trois premires  secondes","Les trois S (sort  trier, set locations  dfinition d\'une zone, shine  polir ) sont-ils respects?","279","2012-10-01 06:30:01","279");
INSERT INTO tbl_questionanswer VALUES("46","2","21","Formation","Tout le monde est-il correctement entrain pour les procdures standards?","279","","279");
INSERT INTO tbl_questionanswer VALUES("47","2","22","Outils et pices dtaches","Les outils et les pices sont-ils correctement rangs?","279","2012-10-01 06:30:01","279");
INSERT INTO tbl_questionanswer VALUES("48","2","23","Contrle de stock","Les contrles de stock sont-ils respects?","279","2012-10-01 06:30:01","279");
INSERT INTO tbl_questionanswer VALUES("49","2","24","Procdures","Les procdures sont-elles mise  jour et rgulirement inspectes?","279","2012-10-01 06:30:01","279");
INSERT INTO tbl_questionanswer VALUES("50","2","25","Affichage d\'activit","L\'affichage des activits est-elle mise  jour et rgulirement inspecte","279","2012-10-01 06:30:01","279");
INSERT INTO tbl_questionanswer VALUES("51","3","1","Materiali o parti","L\'inventario o l\'inventario di lavorazione materiale include del materiale o delle parti non necessarie?","279","2012-10-01 06:30:01","279");
INSERT INTO tbl_questionanswer VALUES("52","3","2","Macchine o equipaggiamento","Sono presenti macchinari o altro equipaggiamento inutilizzati?","279","2012-10-01 06:30:01","279");
INSERT INTO tbl_questionanswer VALUES("53","3","3","Strutture di montaggio, attrezzi o matrici di stampa","Sono presenti strutture di montaggio, attrezzi o matrici di stampa inutilizzate in giro?","279","2012-10-01 06:30:01","279");
INSERT INTO tbl_questionanswer VALUES("54","3","4","Controllo visivo","E\' evidente quali oggetti sono stati identificati come non necessari?","279","2012-10-01 06:30:01","279");
INSERT INTO tbl_questionanswer VALUES("55","3","5","Standard scritti","L\'adozione dello standard 5S ha reso obsoleto ogni altro inutile standard?","279","2012-10-01 06:30:01","279");
INSERT INTO tbl_questionanswer VALUES("56","3","6","Indicatori di posizione","Gli scaffali e le altre aree di stoccaggio sono demarcate con indicatori di posizione e indirizzi?","279","2012-10-01 06:30:01","279");
INSERT INTO tbl_questionanswer VALUES("57","3","7","Indicatori Oggetto","Gli scaffali sono dotati di cartellini che mostrino dove deve andare ogni oggetto?","279","2012-10-01 06:30:01","279");
INSERT INTO tbl_questionanswer VALUES("58","3","8","Indicatori di Quantit","Sono indicate le quantit massime e minime consentite?","279","2012-10-01 06:30:01","279");
INSERT INTO tbl_questionanswer VALUES("59","3","9","Demarcazione di passatoi e di aree di inventario per materiale in lavorazione","Vengono utilizzate linee bianche o altri segni di demarcazione per indicare chiaramente passatoi e aree di stoccaggio?","279","2012-10-01 06:30:01","279");
INSERT INTO tbl_questionanswer VALUES("60","3","10","Strutture di montaggio e attrezzi","Strumenti e strutture di montaggio sono disposte in maniera pi razionale per facilitare il prendere e riporre tali attrezzi?","279","2012-10-01 06:30:01","279");
INSERT INTO tbl_questionanswer VALUES("61","3","11","Pavimenti","I pavimenti vengono mantenuti perfettamente puliti e liberi da rifiuti e olio?","279","2012-10-01 06:30:01","279");
INSERT INTO tbl_questionanswer VALUES("62","3","12","Macchinari","Le macchine vengono pulite spesso e liberate da residui, truciolame e olio?","279","2012-10-01 06:30:01","279");
INSERT INTO tbl_questionanswer VALUES("63","3","13","Pulizia e controllo","L\'ispezione dell\'equipaggiamento  combinata alla manutenzione dell\'equipaggiamento stesso?","279","2012-10-01 06:30:01","279");
INSERT INTO tbl_questionanswer VALUES("64","3","14","Responsabilit di pulizia","C\' una persona responsabile alla supervisione delle operazioni di pulizia?","279","2012-10-01 06:30:01","279");
INSERT INTO tbl_questionanswer VALUES("65","3","15","Pulizia abituale","Gli operatori puliscono con regolarit i pavimenti, e puliscono i macchinari senza che venga detto loro di farlo?","279","2012-10-01 06:30:01","279");
INSERT INTO tbl_questionanswer VALUES("66","3","16","Promemoria per il miglioramento","I promemoria per il miglioramento vengono realizzati con regolarit?","279","2012-10-01 06:30:01","279");
INSERT INTO tbl_questionanswer VALUES("67","3","17","Idee per il miglioramento","Le idee per il miglioramento vengono tenute in considerazione?","279","2012-10-01 06:30:01","279");
INSERT INTO tbl_questionanswer VALUES("68","3","18","Procedure chiave","Le procedure standard sono chiare, documentate e usate attivamente?","279","2012-10-01 06:30:01","279");
INSERT INTO tbl_questionanswer VALUES("69","3","19","Miglioramento piano","Gli standard futuri vengono considerati con un chiaro piano di miglioramento per l\'area?","279","2012-10-01 06:30:01","279");
INSERT INTO tbl_questionanswer VALUES("70","3","20","Le prime tre S","Vengono mantenute le tre S (sort, set locations and shine, ossia organizzare, posizionare e far brillare)?","279","2012-10-01 06:30:01","279");
INSERT INTO tbl_questionanswer VALUES("71","3","21","Addestramento","Sono stati tutti quanti adeguatamente istruiti riguardo alla procedura standard?","279","","279");
INSERT INTO tbl_questionanswer VALUES("72","3","22","Strumenti e parti","Attrezzi e parti vengono immagazzinati correttamente?","279","2012-10-01 06:30:01","279");
INSERT INTO tbl_questionanswer VALUES("73","3","23","Controllo Stock","Vengono rispettati i controlli di stock?","279","2012-10-01 06:30:01","279");
INSERT INTO tbl_questionanswer VALUES("74","3","24","Procedure","Le procedure sono aggiornate e revisionate regolarmente?","279","2012-10-01 06:30:01","279");
INSERT INTO tbl_questionanswer VALUES("75","3","25","Tabelle attivit","Le tabelle delle attivit sono aggiornate e revisionate regolarmente?","279","2012-10-01 06:30:01","279");
INSERT INTO tbl_questionanswer VALUES("76","4","1","Material eller delar","Innehller lagret eller lager som ni arbetar med ondiga material eller delar?","279","2012-10-01 06:30:01","279");
INSERT INTO tbl_questionanswer VALUES("77","4","2","Maskiner eller utrustning","r det ngra oanvnda maskiner eller andra redskap tillgngliga?","279","2012-10-01 06:30:01","279");
INSERT INTO tbl_questionanswer VALUES("78","4","3","Jigg, verktyg, eller stmplar","Finns det ngra oanvnda jiggs, verktyg, stmplar eller liknande artiklar omkring?","279","2012-10-01 06:30:01","279");
INSERT INTO tbl_questionanswer VALUES("79","4","4","Visuell kontroll","r det uppenbart vilken artikel som har mrkts som ondig?","279","2012-10-01 06:30:01","279");
INSERT INTO tbl_questionanswer VALUES("80","4","5","Skriftliga standarder","Har inrttandet av 5Ss lmnat kvar ngra vrdelsa standarder?","279","2012-10-01 06:30:01","279");
INSERT INTO tbl_questionanswer VALUES("81","4","6","Platsvisare","r hyllor och andra lagringsutrymmen markerade med plats- och adressvisare?","279","2012-10-01 06:30:01","279");
INSERT INTO tbl_questionanswer VALUES("82","4","7","Sakmtare","Har hyllorna skyltar som visar vart artiklarna skall vara?","279","2012-10-01 06:30:01","279");
INSERT INTO tbl_questionanswer VALUES("83","4","8","Kvantitetsrknare","Finns det minimalt och maximalt artiklar angivet?","279","2012-10-01 06:30:01","279");
INSERT INTO tbl_questionanswer VALUES("84","4","9","Avgrnsning av gngbanor och omrden under inventering","r vita linjer eller andra markrer i anvndning fr att visa gngbanor och lagringsutrymmen?","279","2012-10-01 06:30:01","279");
INSERT INTO tbl_questionanswer VALUES("85","4","10","Jigg och verktyg","r jiggs och verktyg arrangerade mer rationellt fr att plocka upp och returnera dem?","279","2012-10-01 06:30:01","279");
INSERT INTO tbl_questionanswer VALUES("86","4","11","Golv","r golv skinande rena och fria frn avfall, vatten och olja?","279","2012-10-01 06:30:01","279");
INSERT INTO tbl_questionanswer VALUES("87","4","12","Maskiner","r maskinerna rengjorda regelbundet och fria frn spn, flis och olja?","279","2012-10-01 06:30:01","279");
INSERT INTO tbl_questionanswer VALUES("88","4","13","Rengring och kontroll","r verktygsinspektion kombinerat med verktygsunderhll?","279","2012-10-01 06:30:01","279");
INSERT INTO tbl_questionanswer VALUES("89","4","14","Ansvar fr rengring","Finns det en person som ansvarar fr rengringsoperationer?","279","2012-10-01 06:30:01","279");
INSERT INTO tbl_questionanswer VALUES("90","4","15","Livsmiljrengring","Rengr operatrer golv och maskiner utan att bli tillsagda?","279","2012-10-01 06:30:01","279");
INSERT INTO tbl_questionanswer VALUES("91","4","16","FrbttringsPMs","Kommer det regelbundet frbttrings PMs?","279","2012-10-01 06:30:01","279");
INSERT INTO tbl_questionanswer VALUES("92","4","17","Frbttringsider","r frbttringsider diskuterade?","279","2012-10-01 06:30:01","279");
INSERT INTO tbl_questionanswer VALUES("93","4","18","Huvudrutiner","r standard procedurer frstdda, dokumenterade och aktivt i anvndning?","279","2012-10-01 06:30:01","279");
INSERT INTO tbl_questionanswer VALUES("94","4","19","Frbttringsplan","Finns det framtida standarder tillgngliga med en klar frbttringsplan fr omrdet?","279","2012-10-01 06:30:01","279");
INSERT INTO tbl_questionanswer VALUES("95","4","20","De frsta 3 S:ena","r de 3:sen(sort=sortering, set locations=placering och shine= skinande rent) upprtthllna?","279","2012-10-01 06:30:01","279");
INSERT INTO tbl_questionanswer VALUES("96","4","21","Trning","r alla utbildade tillrckligt i standard procedurer?","279","","279");
INSERT INTO tbl_questionanswer VALUES("97","4","22","Verktyg och delar","r verktyg och delar lagrade p rtt stt?","279","2012-10-01 06:30:01","279");
INSERT INTO tbl_questionanswer VALUES("98","4","23","Frrdskontroll","Fljs lagerkontroller?","279","2012-10-01 06:30:01","279");
INSERT INTO tbl_questionanswer VALUES("99","4","24","Tillvgagngsstt","r procedurer nydaterade och regelbundet granskade?","279","2012-10-01 06:30:01","279");
INSERT INTO tbl_questionanswer VALUES("100","4","25","Aktivitetsstyrelser","r aktivitetsstyrelser nydaterade och regelbundet granskade?","279","2012-10-01 06:30:01","279");
INSERT INTO tbl_questionanswer VALUES("101","5","1","Materialer eller dele","Inkluderer inventaret eller lagerinventaret undvendige materiale eller dele?","279","2012-10-01 06:30:01","279");
INSERT INTO tbl_questionanswer VALUES("102","5","2","Maskiner eller udstyr","Er der nogle ubrugte maskiner eller anden udstyr tilgngelig?","279","2012-10-01 06:30:01","279");
INSERT INTO tbl_questionanswer VALUES("103","5","3","Skabeloner, Vrktjer og Gevindskrerer","Er der nogle ubrugte skabeloner, vrktjer, gevindskrerer eller lignende ting tilgngelige?","279","2012-10-01 06:30:01","279");
INSERT INTO tbl_questionanswer VALUES("104","5","4","Visuel Kontrol","Er det indlysende, hvilke ting der er markeret som ubrugelige?","279","2012-10-01 06:30:01","279");
INSERT INTO tbl_questionanswer VALUES("105","5","5","Skriftlige stanarder","Har etableringen af  5Ss efterladt en ubrugelig standard?","279","2012-10-01 06:30:01","279");
INSERT INTO tbl_questionanswer VALUES("106","5","6","Lokation indikator","Er der hylder og anden opbevaringsomrder markeret med lokations indikatorer og adresser?","279","2012-10-01 06:30:01","279");
INSERT INTO tbl_questionanswer VALUES("107","5","7","Ting indikator","Har hylderne symboltavler der indikerer hvilke ting passer hvor?","279","2012-10-01 06:30:01","279");
INSERT INTO tbl_questionanswer VALUES("108","5","8","Kvantitets indikatorer","Er der et maksimum og minimum tilladt kvantitet indikeret?","279","2012-10-01 06:30:01","279");
INSERT INTO tbl_questionanswer VALUES("109","5","9","Afgrnsning af gangomrder og vareindleverings omrder","Er hvide linjer og andre mrkater brugt til klart at indikere gangomrder og lageromrder?","279","2012-10-01 06:30:01","279");
INSERT INTO tbl_questionanswer VALUES("110","5","10","Skabeloner og vrktjer","Er skabeloner og vrktjer arrangeret rationelt i forhold til faciliteringen af afhentning og returnering af dem?","279","2012-10-01 06:30:01","279");
INSERT INTO tbl_questionanswer VALUES("111","5","11","Gulv","Er gulv holdt skindende rene og fri for skidt, vand og olie?","279","2012-10-01 06:30:01","279");
INSERT INTO tbl_questionanswer VALUES("112","5","12","Maskiner eller udstyr","Er maskinen holdt ren for spner, flis og olie ofte?","279","2012-10-01 06:30:01","279");
INSERT INTO tbl_questionanswer VALUES("113","5","13","Rengring og undersgelse","Er udstyrs inspektion kombineret med udstyrsvedligeholdelse?","279","2012-10-01 06:30:01","279");
INSERT INTO tbl_questionanswer VALUES("114","5","14","Rengringsansvar","Er der en person med ansvar for tilsyn med rengringsopgaver?","279","2012-10-01 06:30:01","279");
INSERT INTO tbl_questionanswer VALUES("115","5","15","Vanlig rengring","Gr behandlere gulvet rent og pudser udstyret uden at blive bedt om det?","279","2012-10-01 06:30:01","279");
INSERT INTO tbl_questionanswer VALUES("116","5","16","Forbedring memoer","Bliver et forbedrelsespapir udarbejdet ofte?","279","2012-10-01 06:30:01","279");
INSERT INTO tbl_questionanswer VALUES("117","5","17","Forbedring ideer","Bliver forbedringsideer prvet?","279","2012-10-01 06:30:01","279");
INSERT INTO tbl_questionanswer VALUES("118","5","18","Ngleprocedurer","Er standard procedurer klare, dokumenteret og brugt hyppigt?","279","2012-10-01 06:30:01","279");
INSERT INTO tbl_questionanswer VALUES("119","5","19","Forbedringsplan","Bliver fremtidige standarder overvejet med en klar forbedringsplan for omrdet?","279","2012-10-01 06:30:01","279");
INSERT INTO tbl_questionanswer VALUES("120","5","20","De frste 3 S\'er","Er de frste tre S\'er (sorter, st omrder, skindende) vedligeholdt?","279","2012-10-01 06:30:01","279");
INSERT INTO tbl_questionanswer VALUES("121","5","21","Trning","Er alle tilfredsstillende trnet i standard procedurer?","279","","279");
INSERT INTO tbl_questionanswer VALUES("122","5","22","Vrktjer og dele","Bliver vrktjer opbevaret korrekt?","279","2012-10-01 06:30:01","279");
INSERT INTO tbl_questionanswer VALUES("123","5","23","Lagerkontrol","Bliver lagerkontrollerne efterfulgt?","279","2012-10-01 06:30:01","279");
INSERT INTO tbl_questionanswer VALUES("124","5","24","Procedurer","Er procedurerne nutidige og genovervejet ofte?","279","2012-10-01 06:30:01","279");
INSERT INTO tbl_questionanswer VALUES("125","5","25","Aktivitets tavle","Er aktivitetstavlen nutidige og ofte genovervejet?","279","2012-10-01 06:30:01","279");
INSERT INTO tbl_questionanswer VALUES("126","6","1","Material oder Teile","Der Warenbestandoder im Einsatz befindliche Gertschaften schlieen nicht bentigte Materialien oder Teile33 ein? ","279","2012-10-01 06:30:01","279");
INSERT INTO tbl_questionanswer VALUES("127","6","2","Maschienen oder Zubehr","Sind dort irgendwelche nicht bentigten Maschinen oder Materialien im Einsatz?","279","2012-10-01 06:30:01","279");
INSERT INTO tbl_questionanswer VALUES("128","6","3","Bohrvorrichtungen, Werkzeuge, oder Andere","Sind dort unbentzte Bohrvorrichtungen, Werkzeuge, oder hnliche Materialien im Einsatz?","279","2012-10-01 06:30:01","279");
INSERT INTO tbl_questionanswer VALUES("129","6","4","Visuelle Kontrolle","Ist es offensichtlich welche Materialien als unntig gekennzeichnet sind?","279","2012-10-01 06:30:01","279");
INSERT INTO tbl_questionanswer VALUES("130","6","5","Schriftliche Normen","Bleibt beim erstellen des 5S irgend ein Standart zurck?","279","2012-10-01 06:30:01","279");
INSERT INTO tbl_questionanswer VALUES("131","6","6","Positionsbestimmung","Wurden Bereiche und Lagerorte mit Positionshinweisen und Adressen gekennzeichnet?","279","2012-10-01 06:30:01","279");
INSERT INTO tbl_questionanswer VALUES("132","6","7","Materialkennzeichnung","Wurden die Regale entsprechend mit Versandhinweisen gekennzeichnet?","279","2012-10-01 06:30:01","279");
INSERT INTO tbl_questionanswer VALUES("133","6","8","Mengenindikatoren","Sind die maximalen und minimalen zulssigen Mengen angezeigt?","279","2012-10-01 06:30:01","279");
INSERT INTO tbl_questionanswer VALUES("134","6","9","Abgrenzung vonprozessbegintem \"In Betrieb\" und \"Warenbestand\"","Wurden Linien oder andere Kemnnzeichnungen  verwendet, um Laufwegen und Lagerorte anzuzeigen?","279","2012-10-01 06:30:01","279");
INSERT INTO tbl_questionanswer VALUES("135","6","10","Bohrvorrichtungen und Werkzeuge","Wurden Bohrvorrichtungen und Werkzeuge ordnungsgem eingeordnet, um die Annahme und das Zurckbringen zu erleichtern?","279","2012-10-01 06:30:01","279");
INSERT INTO tbl_questionanswer VALUES("136","6","11","Bden","Sind die Bden sauber, frei von Schmutz, Wasser und l?","279","2012-10-01 06:30:01","279");
INSERT INTO tbl_questionanswer VALUES("137","6","12","Maschinen","Wurden die Maschinen gesubert und sind diese frei von Materialspnne und l?","279","2012-10-01 06:30:01","279");
INSERT INTO tbl_questionanswer VALUES("138","6","13","Reiningen und testen","Wrde die Kontrolle mit einer Wartung verbuden?","279","2012-10-01 06:30:01","279");
INSERT INTO tbl_questionanswer VALUES("139","6","14","Reinigungsanforderung","Gibt es eine Person, die dafr verantwortlich ist, Reinigungsvorgnge zu beaufsichtigen?","279","2012-10-01 06:30:01","279");
INSERT INTO tbl_questionanswer VALUES("140","6","15","Gewhnlicher Reiningungszustand","Reinigen die Maschinenfhrer eigenverantwortlich und ohne Aufforderung die Machinen und Bden?","279","2012-10-01 06:30:01","279");
INSERT INTO tbl_questionanswer VALUES("141","6","16","Protokolle","Werden regelmig Verbessungsvorschlge unterbreitet?","279","2012-10-01 06:30:01","279");
INSERT INTO tbl_questionanswer VALUES("142","6","17","Ideen","Folgen Verbesserungsvorschlge?","279","2012-10-01 06:30:01","279");
INSERT INTO tbl_questionanswer VALUES("143","6","18","Wichtige Verfahren","Sind Standardverfahren verstndlich, dokumentiert und werden diese angewandt?","279","2012-10-01 06:30:01","279");
INSERT INTO tbl_questionanswer VALUES("144","6","19","Plne","Fanden Verbesserungsvorschlge fr zuknftige Standards in dessen Gebiet beachtung?","279","2012-10-01 06:30:01","279");
INSERT INTO tbl_questionanswer VALUES("145","6","20","Die ersten 3 Sekunden","Wurden die 3s eingehalten?","279","2012-10-01 06:30:01","279");
INSERT INTO tbl_questionanswer VALUES("146","6","21","Training","Wurde jeder ordnungsgem in die Standartverfahren eingewiesen?","279","","279");
INSERT INTO tbl_questionanswer VALUES("147","6","22","Werkzeuge und Teile","Wurden Werkzeuge und Teile ordnungsgem eingelagert?","279","2012-10-01 06:30:01","279");
INSERT INTO tbl_questionanswer VALUES("148","6","23","Warenbestandskontrolle","Wurden Lagerkontrollen eingehalten?","279","2012-10-01 06:30:01","279");
INSERT INTO tbl_questionanswer VALUES("149","6","24","Abwicklung","Sind die Verfahren aktuell und ordnungsgem kontrolliert?","279","2012-10-01 06:30:01","279");
INSERT INTO tbl_questionanswer VALUES("150","6","25","Aufgaben, Ttigkeiten","Sind die Lauflisten aktuell und ordnungsgem kontrolliert?","279","2012-10-01 06:30:01","279");
INSERT INTO tbl_questionanswer VALUES("151","7","1","Materiais ou peas","O inventrio ou o inventrio em progresso inclui os materiais ou peas desnecessrias?","279","2012-10-01 06:30:01","279");
INSERT INTO tbl_questionanswer VALUES("152","7","2","Mquinas ou equipamentos","H algumas mquinas ou outros equipamentos desnecessrios por a?","279","2012-10-01 06:30:01","279");
INSERT INTO tbl_questionanswer VALUES("153","7","3","Utenslios, ferramentas ou matrizes","H alguns utenslios, ferramentas, matrizes ou itens similares desnecessrios por ai?","279","2012-10-01 06:30:01","279");
INSERT INTO tbl_questionanswer VALUES("154","7","4","Controlo Visual"," obvio qual o objeto que foi definido como desnecessrio?","279","2012-10-01 06:30:01","279");
INSERT INTO tbl_questionanswer VALUES("155","7","5","Normas escritas","Estabeleceu que o 5Ss deixou para trs algum padro desnecessrio?","279","2012-10-01 06:30:01","279");
INSERT INTO tbl_questionanswer VALUES("156","7","6","Indicadores de localizao","As prateleiras e outros locais de armazenamento esto marcados com indicadores de localizao e moradas?","279","2012-10-01 06:30:01","279");
INSERT INTO tbl_questionanswer VALUES("157","7","7","Indicadores de Item","As prateleiras tm placas com a indicao de que item contm?","279","2012-10-01 06:30:01","279");
INSERT INTO tbl_questionanswer VALUES("158","7","8","Indicadores de Quantidade","As quantidades mximas e mnimas permitidas esto indicadas?","279","2012-10-01 06:30:01","279");
INSERT INTO tbl_questionanswer VALUES("159","7","9","Demarcao de caminhos e reas em processo de inventrio","H linhas brancas ou outras marcas a serem usadas para indicar claramente o caminho e as reas de armazenamento?","279","2012-10-01 06:30:01","279");
INSERT INTO tbl_questionanswer VALUES("160","7","10","Utenslios e ferramentas","Os utenslios e as ferramentas esto organizados de forma racional para facilitar a sua recolha e devoluo?","279","2012-10-01 06:30:01","279");
INSERT INTO tbl_questionanswer VALUES("161","7","11","Chos","O cho  mantido limpo e livre de lixo, gua e leo?","279","2012-10-01 06:30:01","279");
INSERT INTO tbl_questionanswer VALUES("162","7","12","Mquinas","As mquinas so limpas com frequncia e mantidas sem aparas, impurezas e leo?","279","2012-10-01 06:30:01","279");
INSERT INTO tbl_questionanswer VALUES("163","7","13","Limpando e verificando","A inspeo de equipamentos  combinada com a manuteno dos equipamentos?","279","2012-10-01 06:30:01","279");
INSERT INTO tbl_questionanswer VALUES("164","7","14","Responsabilidades de limpeza","H uma pessoa responsvel por supervisionar as operaes de limpeza?","279","2012-10-01 06:30:01","279");
INSERT INTO tbl_questionanswer VALUES("165","7","15","Limpeza habitual","Os operadores costumam limpar o cho e os equipamentos sem ser necessrio dar-lhes ordens nesse sentido?","279","2012-10-01 06:30:01","279");
INSERT INTO tbl_questionanswer VALUES("166","7","16","Memorandos de melhoras","Os memorandos de melhorias esto a ser feitos com regularidade?","279","2012-10-01 06:30:01","279");
INSERT INTO tbl_questionanswer VALUES("167","7","17","Ideias de melhorias","As ideias de melhorias esto a ser postas em prtica?","279","2012-10-01 06:30:01","279");
INSERT INTO tbl_questionanswer VALUES("168","7","18","Procedimentos principais","As normas de procedimentos so claras, documentadas e utilizadas ativamente?","279","2012-10-01 06:30:01","279");
INSERT INTO tbl_questionanswer VALUES("169","7","19","Plano de melhoria","As futuras normas esto a ser consideradas com um plano bvio de melhoria para a rea?","279","2012-10-01 06:30:01","279");
INSERT INTO tbl_questionanswer VALUES("170","7","20","Os primeiros 3 Ss","Os primeiros 3 Ss (sort, set locations e shine  ordenar, definir o local e brilhar) esto a ser mantidos?","279","2012-10-01 06:30:01","279");
INSERT INTO tbl_questionanswer VALUES("171","7","21","Treino","Todas as pessoas tm a devida formao dos standards de procedimentos?","279","","279");
INSERT INTO tbl_questionanswer VALUES("172","7","22","Ferramentas e peas","As ferramentas e as peas esto a ser devidamente armazenadas?","279","2012-10-01 06:30:01","279");
INSERT INTO tbl_questionanswer VALUES("173","7","23","Controlo de stocks","Os controlos de stock tambm esto a ser cumpridos?","279","2012-10-01 06:30:01","279");
INSERT INTO tbl_questionanswer VALUES("174","7","24","Procedimentos","Os procedimentos esto atualizados e so revistos regularmente?","279","2012-10-01 06:30:01","279");
INSERT INTO tbl_questionanswer VALUES("175","7","25","Quadros de atividades ","Os quadros de atividades esto atualizados e so revistos\n regularmente?","279","2012-10-01 06:30:01","279");
INSERT INTO tbl_questionanswer VALUES("176","8","1","Materiales o piezas","Incluye el inventario vigente o en proceso algn material o parte innecesaria?","279","2012-10-01 06:30:01","279");
INSERT INTO tbl_questionanswer VALUES("177","8","2","Mquinas o equipos","Existe alguna mquina u otro equipo sin utilizar alrededor?","279","2012-10-01 06:30:01","279");
INSERT INTO tbl_questionanswer VALUES("178","8","3","Plantillas, herramientas o moldes","Existe alguna plantilla, herramienta, molde o artculo similar sin utilizar alrededor?","279","2012-10-01 06:30:01","279");
INSERT INTO tbl_questionanswer VALUES("179","8","4","Control visual","Es evidente cules artculos han sido marcados como innecesarios?","279","2012-10-01 06:30:01","279");
INSERT INTO tbl_questionanswer VALUES("180","8","5","Normas escritas","Ha dejado el establecimiento de 5Ss alguna norma inefectiva?","279","2012-10-01 06:30:01","279");
INSERT INTO tbl_questionanswer VALUES("181","8","6","Indicadores de lugar","Estn marcados los estantes y otras reas de almacenamiento con indicadores de lugar y direccin?","279","2012-10-01 06:30:01","279");
INSERT INTO tbl_questionanswer VALUES("182","8","7","Indicadores de artculos","Tienen los estantes algn letrero mostrando cules artculos van dnde?","279","2012-10-01 06:30:01","279");
INSERT INTO tbl_questionanswer VALUES("183","8","8","Indicadores de cantidad","Estn indicadas las cantidades mximas y mnimas admisibles?","279","2012-10-01 06:30:01","279");
INSERT INTO tbl_questionanswer VALUES("184","8","9","Demarcacin de pasillos y reas de inventarios en proceso","Se han utilizado lneas blancas u otros marcadores para indicar claramente los pasillos y reas de almacenamiento?","279","2012-10-01 06:30:01","279");
INSERT INTO tbl_questionanswer VALUES("185","8","10","Plantillas y herramientas","Estn las plantillas y herramientas dispuestas de forma ms racional para facilitar su recogida y devolucin?","279","2012-10-01 06:30:01","279");
INSERT INTO tbl_questionanswer VALUES("186","8","11","Pisos","Se mantienen los pisos completamente limpios y libres de residuos, agua y aceite?","279","2012-10-01 06:30:01","279");
INSERT INTO tbl_questionanswer VALUES("187","8","12","Mquinas","Es limpiada la mquina con frecuencia y mantenida libre de virutas, astillas y aceite?","279","2012-10-01 06:30:01","279");
INSERT INTO tbl_questionanswer VALUES("188","8","13","Limpieza y verificacin","Se combina la inspeccin de los equipos con el mantenimiento de los mismos?","279","2012-10-01 06:30:01","279");
INSERT INTO tbl_questionanswer VALUES("189","8","14","Responsabilidades de limpieza","Existe una persona responsable de supervisar las operaciones de limpieza?","279","2012-10-01 06:30:01","279");
INSERT INTO tbl_questionanswer VALUES("190","8","15","Limpieza habitual","Barren los operadores habitualmente los pisos y limpian los equipos sin que se les diga?","279","2012-10-01 06:30:01","279");
INSERT INTO tbl_questionanswer VALUES("191","8","16","Notas de mejoramiento","Se generan regularmente las notas de mejoramiento?","279","2012-10-01 06:30:01","279");
INSERT INTO tbl_questionanswer VALUES("192","8","17","Ideas de mejoramiento","Son llevadas a efecto las ideas de mejoramiento?","279","2012-10-01 06:30:01","279");
INSERT INTO tbl_questionanswer VALUES("193","8","18","Procedimientos clave","Son los procedimientos estndar claros, documentados y utilizados activamente?","279","2012-10-01 06:30:01","279");
INSERT INTO tbl_questionanswer VALUES("194","8","19","Plan de mejoramiento","Estn siendo consideradas las futuras normas con un plan de mejoramiento claro para el rea?","279","2012-10-01 06:30:01","279");
INSERT INTO tbl_questionanswer VALUES("195","8","20","Las primeras 3 Ss","Estn siendo mantenidas las primeras 3 Ss (ordenar, establecer ubicaciones y hacer brillar)?","279","2012-10-01 06:30:01","279");
INSERT INTO tbl_questionanswer VALUES("196","8","21","Capacitacin","Estn todos adecuadamente capacitados en el procedimiento estndar?","279","","279");
INSERT INTO tbl_questionanswer VALUES("197","8","22","Herramientas y partes","Las herramientas y piezas se almacenan correctamente?","279","2012-10-01 06:30:01","279");
INSERT INTO tbl_questionanswer VALUES("198","8","23","Controles de exist\nencias","Se han observado los controles de las existencias?","279","2012-10-01 06:30:01","279");
INSERT INTO tbl_questionanswer VALUES("199","8","24","Procedimientos","Estn los procedimientos actualizados y con revisin peridica?","279","2012-10-01 06:30:01","279");
INSERT INTO tbl_questionanswer VALUES("200","8","25","Tablas de actividad","Estn las tablas de actividad actualizadas y con revisin peridica?","279","2012-10-01 06:30:01","279");
INSERT INTO tbl_questionanswer VALUES("201","9","1","  ","               ?","279","2012-10-01 06:30:01","279");
INSERT INTO tbl_questionanswer VALUES("202","9","2","  ","      , ?","279","2012-10-01 06:30:01","279");
INSERT INTO tbl_questionanswer VALUES("203","9","3",",   ","   , ,     ?","279","2012-10-01 06:30:01","279");
INSERT INTO tbl_questionanswer VALUES("204","9","4"," "," ,      ?","279","2012-10-01 06:30:01","279");
INSERT INTO tbl_questionanswer VALUES("205","9","5"," ","  5SA       ?","279","2012-10-01 06:30:01","279");
INSERT INTO tbl_questionanswer VALUES("206","9","6"," ","    ,     ?","279","2012-10-01 06:30:01","279");
INSERT INTO tbl_questionanswer VALUES("207","9","7"," ","  , ,   ?","279","2012-10-01 06:30:01","279");
INSERT INTO tbl_questionanswer VALUES("208","9","8"," ","     ?","279","2012-10-01 06:30:01","279");
INSERT INTO tbl_questionanswer VALUES("209","9","9","      ","        ,    ?","279","2012-10-01 06:30:01","279");
INSERT INTO tbl_questionanswer VALUES("210","9","10","  ","            ?","279","2012-10-01 06:30:01","279");
INSERT INTO tbl_questionanswer VALUES("211","9","11","","        ,   ?","279","2012-10-01 06:30:01","279");
INSERT INTO tbl_questionanswer VALUES("212","9","12","","         ,   ?","279","2012-10-01 06:30:01","279");
INSERT INTO tbl_questionanswer VALUES("213","9","13","  ","       ?","279","2012-10-01 06:30:01","279");
INSERT INTO tbl_questionanswer VALUES("214","9","14"," ","  ,      ?","279","2012-10-01 06:30:01","279");
INSERT INTO tbl_questionanswer VALUES("215","9","15"," ","         ?","279","2012-10-01 06:30:01","279");
INSERT INTO tbl_questionanswer VALUES("216","9","16"," ","    ?","279","2012-10-01 06:30:01","279");
INSERT INTO tbl_questionanswer VALUES("217","9","17"," ","  ,  ?","279","2012-10-01 06:30:01","279");
INSERT INTO tbl_questionanswer VALUES("218","9","18"," ","   ,    ?","279","2012-10-01 06:30:01","279");
INSERT INTO tbl_questionanswer VALUES("219","9","19"," ","         ?","279","2012-10-01 06:30:01","279");
INSERT INTO tbl_questionanswer VALUES("220","9","20"," 3 Ss"," 3 SS (,    ) ?","279","2012-10-01 06:30:01","279");
INSERT INTO tbl_questionanswer VALUES("221","9","21","","        ?","279","","279");
INSERT INTO tbl_questionanswer VALUES("222","9","22","  ","     ?","279","2012-10-01 06:30:01","279");
INSERT INTO tbl_questionanswer VALUES("223","9","23"," ","   ?","279","2012-10-01 06:30:01","279");
INSERT INTO tbl_questionanswer VALUES("224","9","24","","  ,     ?","279","2012-10-01 06:30:01","279");
INSERT INTO tbl_questionanswer VALUES("225","9","25"," ","       ?","279","2012-10-01 06:30:01","279");
INSERT INTO tbl_questionanswer VALUES("226","10","1","","","279","2012-10-01 06:30:01","279");
INSERT INTO tbl_questionanswer VALUES("227","10","2","","","279","2012-10-01 06:30:01","279");
INSERT INTO tbl_questionanswer VALUES("228","10","3","","","279","2012-10-01 06:30:01","279");
INSERT INTO tbl_questionanswer VALUES("229","10","4","","","279","2012-10-01 06:30:01","279");
INSERT INTO tbl_questionanswer VALUES("230","10","5","","5SA","279","2012-10-01 06:30:01","279");
INSERT INTO tbl_questionanswer VALUES("231","10","6","","","279","2012-10-01 06:30:01","279");
INSERT INTO tbl_questionanswer VALUES("232","10","7","","","279","2012-10-01 06:30:01","279");
INSERT INTO tbl_questionanswer VALUES("233","10","8","","","279","2012-10-01 06:30:01","279");
INSERT INTO tbl_questionanswer VALUES("234","10","9","","","279","2012-10-01 06:30:01","279");
INSERT INTO tbl_questionanswer VALUES("235","10","10","","","279","2012-10-01 06:30:01","279");
INSERT INTO tbl_questionanswer VALUES("236","10","11","","","279","2012-10-01 06:30:01","279");
INSERT INTO tbl_questionanswer VALUES("237","10","12","","","279","2012-10-01 06:30:01","279");
INSERT INTO tbl_questionanswer VALUES("238","10","13","","","279","2012-10-01 06:30:01","279");
INSERT INTO tbl_questionanswer VALUES("239","10","14","","","279","2012-10-01 06:30:01","279");
INSERT INTO tbl_questionanswer VALUES("240","10","15","","","279","2012-10-01 06:30:01","279");
INSERT INTO tbl_questionanswer VALUES("241","10","16","","","279","2012-10-01 06:30:01","279");
INSERT INTO tbl_questionanswer VALUES("242","10","17","","","279","2012-10-01 06:30:01","279");
INSERT INTO tbl_questionanswer VALUES("243","10","18","","","279","2012-10-01 06:30:01","279");
INSERT INTO tbl_questionanswer VALUES("244","10","19","","","279","2012-10-01 06:30:01","279");
INSERT INTO tbl_questionanswer VALUES("245","10","20","3SS","3 SS","279","2012-10-01 06:30:01","279");
INSERT INTO tbl_questionanswer VALUES("246","10","21","","","279","","279");
INSERT INTO tbl_questionanswer VALUES("247","10","22","","","279","2012-10-01 06:30:01","279");
INSERT INTO tbl_questionanswer VALUES("248","10","23","","","279","2012-10-01 06:30:01","279");
INSERT INTO tbl_questionanswer VALUES("249","10","24","","","279","2012-10-01 06:30:01","279");
INSERT INTO tbl_questionanswer VALUES("250","10","25","","","279","2012-10-01 06:30:01","279");
INSERT INTO tbl_questionanswer VALUES("251","11","1","  ","             ;","279","2012-10-01 06:30:01","279");
INSERT INTO tbl_questionanswer VALUES("252","11","2","  ","       ;","279","2012-10-01 06:30:01","279");
INSERT INTO tbl_questionanswer VALUES("253","11","3",",   ","  ,      ;","279","2012-10-01 06:30:01","279");
INSERT INTO tbl_questionanswer VALUES("254","11","4"," ","       ;","279","2012-10-01 06:30:01","279");
INSERT INTO tbl_questionanswer VALUES("255","11","5"," ","  5Ss      ;","279","2012-10-01 06:30:01","279");
INSERT INTO tbl_questionanswer VALUES("256","11","6"," ","             ;","279","2012-10-01 06:30:01","279");
INSERT INTO tbl_questionanswer VALUES("257","11","7"," ","          ;","279","2012-10-01 06:30:01","279");
INSERT INTO tbl_questionanswer VALUES("258","11","8"," ","       ;","279","2012-10-01 06:30:01","279");
INSERT INTO tbl_questionanswer VALUES("259","11","9","         ","                 ;","279","2012-10-01 06:30:01","279");
INSERT INTO tbl_questionanswer VALUES("260","11","10","  ","                    ;","279","2012-10-01 06:30:01","279");
INSERT INTO tbl_questionanswer VALUES("261","11","11","","      ,   ;","279","2012-10-01 06:30:01","279");
INSERT INTO tbl_questionanswer VALUES("262","11","12","","       ,   ;","279","2012-10-01 06:30:01","279");
INSERT INTO tbl_questionanswer VALUES("263","11","13","  ","         ;","279","2012-10-01 06:30:01","279");
INSERT INTO tbl_questionanswer VALUES("264","11","14"," ","          ;","279","2012-10-01 06:30:01","279");
INSERT INTO tbl_questionanswer VALUES("265","11","15"," ","               ;","279","2012-10-01 06:30:01","279");
INSERT INTO tbl_questionanswer VALUES("266","11","16","  ","   ;","279","2012-10-01 06:30:01","279");
INSERT INTO tbl_questionanswer VALUES("267","11","17","  ","   ;","279","2012-10-01 06:30:01","279");
INSERT INTO tbl_questionanswer VALUES("268","11","18"," ","    ,    ;","279","2012-10-01 06:30:01","279");
INSERT INTO tbl_questionanswer VALUES("269","11","19"," ","            ;","279","2012-10-01 06:30:01","279");
INSERT INTO tbl_questionanswer VALUES("270","11","20","  3 Ss","   Ss (,    ) ;","279","2012-10-01 06:30:01","279");
INSERT INTO tbl_questionanswer VALUES("271","11","21","","       ;","279","","279");
INSERT INTO tbl_questionanswer VALUES("272","11","22","  ","      ;","279","2012-10-01 06:30:01","279");
INSERT INTO tbl_questionanswer VALUES("273","11","23","  ","    ;","279","2012-10-01 06:30:01","279");
INSERT INTO tbl_questionanswer VALUES("274","11","24"," ","      ;","279","2012-10-01 06:30:01","279");
INSERT INTO tbl_questionanswer VALUES("275","11","25"," ","       ;","279","2012-10-01 06:30:01","279");
INSERT INTO tbl_questionanswer VALUES("276","12","1","","","279","2012-10-01 06:30:01","279");
INSERT INTO tbl_questionanswer VALUES("277","12","2","","","279","2012-10-01 06:30:01","279");
INSERT INTO tbl_questionanswer VALUES("278","12","3","","","279","2012-10-01 06:30:01","279");
INSERT INTO tbl_questionanswer VALUES("279","12","4","","","279","2012-10-01 06:30:01","279");
INSERT INTO tbl_questionanswer VALUES("280","12","5","","5Ss","279","2012-10-01 06:30:01","279");
INSERT INTO tbl_questionanswer VALUES("281","12","6","","","279","2012-10-01 06:30:01","279");
INSERT INTO tbl_questionanswer VALUES("282","12","7","","","279","2012-10-01 06:30:01","279");
INSERT INTO tbl_questionanswer VALUES("283","12","8","","","279","2012-10-01 06:30:01","279");
INSERT INTO tbl_questionanswer VALUES("284","12","9","","","279","2012-10-01 06:30:01","279");
INSERT INTO tbl_questionanswer VALUES("285","12","10","","","279","2012-10-01 06:30:01","279");
INSERT INTO tbl_questionanswer VALUES("286","12","11","","","279","2012-10-01 06:30:01","279");
INSERT INTO tbl_questionanswer VALUES("287","12","12","","","279","2012-10-01 06:30:01","279");
INSERT INTO tbl_questionanswer VALUES("288","12","13","","","279","2012-10-01 06:30:01","279");
INSERT INTO tbl_questionanswer VALUES("289","12","14","","","279","2012-10-01 06:30:01","279");
INSERT INTO tbl_questionanswer VALUES("290","12","15","","","279","2012-10-01 06:30:01","279");
INSERT INTO tbl_questionanswer VALUES("291","12","16","","","279","2012-10-01 06:30:01","279");
INSERT INTO tbl_questionanswer VALUES("292","12","17","","","279","2012-10-01 06:30:01","279");
INSERT INTO tbl_questionanswer VALUES("293","12","18","","","279","2012-10-01 06:30:01","279");
INSERT INTO tbl_questionanswer VALUES("294","12","19","","","279","2012-10-01 06:30:01","279");
INSERT INTO tbl_questionanswer VALUES("295","12","20","S","S","279","2012-10-01 06:30:01","279");
INSERT INTO tbl_questionanswer VALUES("296","12","21","","","279","","279");
INSERT INTO tbl_questionanswer VALUES("297","12","22","","","279","2012-10-01 06:30:01","279");
INSERT INTO tbl_questionanswer VALUES("298","12","23","","","279","2012-10-01 06:30:01","279");
INSERT INTO tbl_questionanswer VALUES("299","12","24","","","279","2012-10-01 06:30:01","279");
INSERT INTO tbl_questionanswer VALUES("300","12","25","","","279","2012-10-01 06:30:01","279");
INSERT INTO tbl_questionanswer VALUES("301","13","1","Materialen of onderdelen","Bevat de voorraad of de in behandeling zijnde voorraad onnodige materialen of onderdelen?","279","2012-10-01 06:30:01","279");
INSERT INTO tbl_questionanswer VALUES("302","13","2","Machines of gereedschap","Is er sprake van niet gebruikte machines of andere uitrusting?","279","2012-10-01 06:30:01","279");
INSERT INTO tbl_questionanswer VALUES("303","13","3","Sjablonen, gereedschap of stempels","Is er sprake van niet-gebruikte sjablonen, gereedschap of stempels?","279","2012-10-01 06:30:01","279");
INSERT INTO tbl_questionanswer VALUES("304","13","4","Visuele controle","Is het duidelijk welke items zijn aangeduid als onnodig?","279","2012-10-01 06:30:01","279");
INSERT INTO tbl_questionanswer VALUES("305","13","5","Beschreven standaarden","Heeft het vaststellen van de ??? onbruikbare standaarden aangetoond?","279","2012-10-01 06:30:01","279");
INSERT INTO tbl_questionanswer VALUES("306","13","6","Plaats-aanduiders","Zijn schappen en andere bergings-ruimten gemarkeerd met plaats-aanduiders en adressen?","279","2012-10-01 06:30:01","279");
INSERT INTO tbl_questionanswer VALUES("307","13","7","Item-aanduiders","Hebben de schappen aanduidings-borden die aangeven welke items waar naartoe gaan?","279","2012-10-01 06:30:01","279");
INSERT INTO tbl_questionanswer VALUES("308","13","8","Hoeveelheid-aanwijzers"," Zijn de maximum en minimum toelaatbare hoeveelheden aangegeven?","279","2012-10-01 06:30:01","279");
INSERT INTO tbl_questionanswer VALUES("309","13","9","Afscheiding van looppaden en in behandeling zijnde inventaris-gebieden","Zijn er witte lijnen of andere aanduidingen gebruikt die duidelijk de looppaden en de bergingsruimten aangeven?","279","2012-10-01 06:30:01","279");
INSERT INTO tbl_questionanswer VALUES("310","13","10","Sjablonen en gereedschap","Zijn sjablonen, gereedschap en stempels functioneel geordend om het oppakken en terugplaatsen te ","279","2012-10-01 06:30:01","279");
INSERT INTO tbl_questionanswer VALUES("311","13","11","Verdiepingen","Worden de vloeren blinkend schoon en vrij van afval, water en olie gehouden?","279","2012-10-01 06:30:01","279");
INSERT INTO tbl_questionanswer VALUES("312","13","12","Machines","Worden de machines dikwijls schoongemaakt en vrij gehouden van slijpsel, snippers en olie?","279","2012-10-01 06:30:01","279");
INSERT INTO tbl_questionanswer VALUES("313","13","13","Schoonmaak en controle","Wordt de inspectie van de apparatuur gecombineerd met het ondferhoud ervan?","279","2012-10-01 06:30:01","279");
INSERT INTO tbl_questionanswer VALUES("314","13","14","Schoonmaak-verantwoordelijkheden","Is er iemand verantwoordelijk gesteld om toezicht te houden op de schoonmaak-werkzaamheden?","279","2012-10-01 06:30:01","279");
INSERT INTO tbl_questionanswer VALUES("315","13","15","Gebruikelijke zuiverheid","Maken de operators wel de vloer en de apparatuur schoon zonder dat het hen opgedragen is?","279","2012-10-01 06:30:01","279");
INSERT INTO tbl_questionanswer VALUES("316","13","16","Memos ter verbetering","Worden er regelmatig memos ter verbetering opgemaakt?","279","2012-10-01 06:30:01","279");
INSERT INTO tbl_questionanswer VALUES("317","13","17","Ideen voor verbeteringen","Wordt er actie ondernomen op ideen ter verbetering?","279","2012-10-01 06:30:01","279");
INSERT INTO tbl_questionanswer VALUES("318","13","18","Sleutel-procedures","Zijn de standaard procedures duidelijk en omschreven en worden ze actief gebruikt?","279","2012-10-01 06:30:01","279");
INSERT INTO tbl_questionanswer VALUES("319","13","19","Plan ter verbetering","Worden de toekomstige standaarden in overweging genomen met een duidelijk verbeterings-plan voor het ","279","2012-10-01 06:30:01","279");
INSERT INTO tbl_questionanswer VALUES("320","13","20","De eerste drie Sen","Worden de eerste drie Sen (sort-orden, set location-locatie instellen en shine-blinkend schoon) gehandhaafd?","279","2012-10-01 06:30:01","279");
INSERT INTO tbl_questionanswer VALUES("321","13","21","Training","Is iedereen voldoende getraind in de standaard procedures?","279","","279");
INSERT INTO tbl_questionanswer VALUES("322","13","22","Gereedschap en onderdelen","Worden gereedschap en onderdelen op de juiste wijze opgeborgen?","279","2012-10-01 06:30:01","279");
INSERT INTO tbl_questionanswer VALUES("323","13","23","Voorraad-controles","Wordt er vastgehouden aan voorraad-controles?","279","2012-10-01 06:30:01","279");
INSERT INTO tbl_questionanswer VALUES("324","13","24","Procedures","Zijn de procedures up-to-date en worden ze regelmatig herzien?","279","2012-10-01 06:30:01","279");
INSERT INTO tbl_questionanswer VALUES("325","13","25","Activiteiten-commissies","Zijn de activiteiten-commissie up-to-date en worden ze regelmatig herzien?","279","2012-10-01 06:30:01","279");





CREATE TABLE `tbl_questionnair` (
  `qid` int(11) NOT NULL AUTO_INCREMENT,
  `title` varchar(255) NOT NULL,
  `uid` int(11) NOT NULL,
  `lid` int(11) NOT NULL,
  `superadminid` int(11) NOT NULL,
  `timestamp` varchar(255) NOT NULL,
  PRIMARY KEY (`qid`)
) ENGINE=InnoDB AUTO_INCREMENT=14 DEFAULT CHARSET=utf8;

INSERT INTO tbl_questionnair VALUES("1","5s audit","279","9","279","2012-10-01 06:30:01");
INSERT INTO tbl_questionnair VALUES("2","5s audit - french","279","4","279","2012-10-01 06:30:01");
INSERT INTO tbl_questionnair VALUES("3","5s audit - italy","279","7","279","2012-10-01 06:30:01");
INSERT INTO tbl_questionnair VALUES("4","5s audit - swedish","279","14","279","2012-10-01 06:30:01");
INSERT INTO tbl_questionnair VALUES("5","5s audit - danish","279","2","279","2012-10-01 06:30:01");
INSERT INTO tbl_questionnair VALUES("6","5s audit - german","279","5","279","2012-10-01 06:30:01");
INSERT INTO tbl_questionnair VALUES("7","5s audit - portugal","279","11","279","2012-10-01 06:30:01");
INSERT INTO tbl_questionnair VALUES("8","5s audit - spanish","279","13","279","2012-10-01 06:30:01");
INSERT INTO tbl_questionnair VALUES("9","5s audit - russsian","279","12","279","2012-10-01 06:30:01");
INSERT INTO tbl_questionnair VALUES("10","5s audit - chinese","279","1","279","2012-10-01 06:30:01");
INSERT INTO tbl_questionnair VALUES("11","5s audit - greek","279","6","279","2012-10-01 06:30:01");
INSERT INTO tbl_questionnair VALUES("12","5s audit - japanese","279","8","279","2012-10-01 06:30:01");
INSERT INTO tbl_questionnair VALUES("13","5s audit - dutch","279","3","279","2012-10-01 06:30:01");





CREATE TABLE `tbl_settings` (
  `sid` int(11) NOT NULL AUTO_INCREMENT,
  `key` varchar(255) NOT NULL,
  `value` varchar(255) NOT NULL,
  `superadminid` int(11) NOT NULL,
  `uid` int(11) NOT NULL,
  PRIMARY KEY (`sid`)
) ENGINE=InnoDB AUTO_INCREMENT=12 DEFAULT CHARSET=utf8;

INSERT INTO tbl_settings VALUES("1","default_language","9","279","279");
INSERT INTO tbl_settings VALUES("2","default_language_question","9","279","279");
INSERT INTO tbl_settings VALUES("3","default_language","9","279","282");
INSERT INTO tbl_settings VALUES("4","default_language_question","7","279","282");
INSERT INTO tbl_settings VALUES("5","default_language","9","279","283");
INSERT INTO tbl_settings VALUES("6","default_language_question","5","279","283");
INSERT INTO tbl_settings VALUES("7","default_language","9","279","284");
INSERT INTO tbl_settings VALUES("8","default_language_question","14","279","284");
INSERT INTO tbl_settings VALUES("9","default_language","9","279","285");
INSERT INTO tbl_settings VALUES("10","default_language_question","9","279","285");
INSERT INTO tbl_settings VALUES("11","chart_default","1,1,6","279","279");



